οΜΩvtΆΓ ²,126
nk,199
vk,146
xs,67
xst,28
xstr,13
st,1617
str,173
tr,392
xn,93
gw,154
vd,85
gr,204
sp,435
spw,7
pw,103
zm,115
wt,45
wk,65
vp,224
sk,631
dv,124
dd,53
dd ê,5
dd êv,3
d ê,39
d êv,13
 êv,41
dn,382
zn,338
xt,30
xt ê,5
t ê,257
rb,24
dr,188
xw,56
tΆΓsg,5
tΆΓsgr,1
tΆΓsp,18
tΆΓsp ê,6
p ê,712
ds,80
pl,94
kr,248
lk,122
tΆΓsb,7
kz,40
kzk,2
zk,93
tΆΓ ²k,45
vv,51
zr,73
zp,166
rt,180
sk ê,14
k ê,65
dw,96
kzd,3
kzdw,2
zd,140
zdw,2
vw,112
wn,99
…ïn,97
vs,268
vsp,90
xp,93
xpl,2
xg,18
xgr,9
v…ï,36
tk,207
dz,17
mk,70
mkv,4
kv,88
tΆΓ ²t,23
 êtΆΓ ²,75
zv,220
dk,103
…ïr,56
dvz,1
dvzb,1
vz,88
vzb,2
zb,99
kl,84
mv,98
mvr,4
vr,138
zz,42
zzp,5
zzps,1
zps,2
ps,27
x…ï,21
mvb,3
vb,49
tΆΓ ²n,281
rv,122
tΆΓsv,37
tΆΓsvk,7
gl,84
xsp,15
sn,75
xv,106
xvt,2
xvtr,1
vt,109
vtr,10
ktΆΓ…ï,10
rf,6
ng,51
vx,22
xm,38
rn,123
v ë,14
…ït,15
vtΆΓs,69
xr,41
tΆΓsvtΆΓ…ï,2
vtΆΓ…ï,22
mn,181
m ë,5
ms,91
mst,33
mstr,18
zj,74
 êdΆΓ ê,23
dm,45
 ên,131
sf,16
ltΆΓ…ï,2
mm,60
mz,88
br,155
sb,5
sm,23
kw,86
pt,19
mdΆΓ ë,7
b ê,31
bg,2
bgr,1
vkr,12
rdΆΓ ë,44
kn,100
znv,3
znvt,1
znvtr,1
nv,42
nvt,2
nvtr,1
…ïm,88
tΆΓsk,70
xz,63
xzg,4
zg,99
stv,149
tv,306
ks,84
kst,16
wv,52
tΆΓ ²v,18
rk,80
znb,1
nb,10
dg,16
nz,32
sx,34
xzr,1
kk,25
ztΆΓ…ï,3
sw,175
tΆΓsvp,2
bl,104
nn,161
xl,36
rttΆΓs,3
ttΆΓs,10
zdΆΓ ë,7
mvn,6
vn,328
rg,63
tΆΓsvr,2
kb,27
nkn,1
ltΆΓs,17
tΆΓsz,20
tΆΓszj,1
…≤tΆΓ ²,37
ln,256
sz,6
szd,1
tΆΓ ²w,44
kvn,2
xv…ï,1
xv…ïr,1
v…ïr,17
d ë,5
xvw,6
xzg ê,1
zg ê,4
g ê,19
lb,21
mkn,11
vst,56
vstr,12
sg,2
sgr,1
…ïp,24
…ïpl,1
kvtΆΓ ²,2
ptΆΓs,23
zkt,6
kt,408
vg,19
vgr,6
…≤v,11
k…ï,50
tΆΓs…ï,12
vm,44
mtΆΓ ²,22
tΆΓsj,362
tΆΓsvs,5
tΆΓsvst,2
tΆΓsvstr,2
bp,9
bp ê,4
xp ê,32
xvs,5
xvsp,4
…ïtΆΓ…ï,307
ntΆΓs,85
xtΆΓ…ï,23
mp,173
mp ê,25
xb,20
rdΆΓz,51
lt,31
tΆΓsvsp,3
xk,44
xzj,2
kzn,2
mb,53
ktr,10
xdΆΓ ë,8
db,26
kzg,2
kzgr,1
zgr,12
xsk,10
 êk,27
bs,33
ltΆΓ ²,16
stΆΓs,85
tΆΓsn,45
sv,85
dzw,1
zw,58
md,49
md ê,1
 êx,12
gn,74
vsw,9
z…ï,13
z…ïv,2
…ïv,94
tl,16
ktΆΓ ²,8
dt,32
dp,80
 êt,14
 êt ê,2
zpw,4
 ²tΆΓ ²,138
ts,19
tsk,3
xtΆΓ ²,11
rtk,7
 ër,4
 ëdΆΓ ë,9
gdΆΓ ë,25
kvk,9
vdr,11
tΆΓsr,10
xsk ê,1
tΆΓsvd,2
tΆΓsvdm,1
vdm,1
bst,8
dl,111
kp,40
kpw,1
mw,33
kvtΆΓ…ï,2
rtΆΓs,32
zt,63
bn,44
km,19
…ïl,97
dztΆΓ ²,1
ztΆΓ ²,14
xzt,1
xj,17
vdΆΓ ë,29
d…ï,16
d…ïtΆΓ…ï,1
zdj,7
dj,28
ws,20
wst,3
vpw,22
pk,7
tΆΓ ²kr,1
tΆΓ ²z,3
kv ë,1
d…ïn,1
dtΆΓ ²,35
v ê,14
vsk,74
 ²k,82
vl,27
tn,163
zpr,22
pr,585
kd,17
lf,4
ss,16
sst,1
tΆΓsd,16
tΆΓss,11
tΆΓsst,2
rs,79
rsk,26
lbw,1
bw,21
r ²,28
nd,96
skv,3
dt ê,3
tΆΓsx,2
dbr,2
mb ê,1
znz,1
ns,117
nst,27
nstr,10
nt,263
ddv,2
btΆΓs,3
msp,10
ssk,1
tΆΓst,17
tΆΓst ê,1
tΆΓsvb,3
tΆΓsdr,1
zdr,27
zpl,2
nsp,17
tΆΓsdw,1
…≤p,8
…≤p ê,1
ddr,2
zp ê,14
svt,2
svtv,1
vtv,5
 êd,41
 êdr,1
vbl,5
ztΆΓs,19
b…ï,1
tΆΓ ²b,9
xpt,1
xx,12
xxw,4
tΆΓsvbl,1
xd,35
xdr,3
 ën,33
znp,1
znpw,1
np,29
npw,1
x ê,14
g êb,1
 êb,18
tΆΓsztΆΓ ²,1
rd,41
db ê,1
kbr,2
kvp,4
kzj,1
tΆΓssk,2
dsk,5
mpw,2
rtΆΓ…ï,23
rst,30
rstv,25
mzj,1
zf,10
tΆΓsdΆΓ ë,3
xzk,2
xzk…ï,1
zk…ï,1
nm,8
znvs,1
znvsp,1
nvs,3
nvsp,1
kvl,1
vp ê,29
tΆΓsw,6
bv,7
bvj,1
vj,30
kztΆΓ ²,1
…≤k,3
mx,15
mt,59
zkr,5
t…ï,9
t…ïm,1
vkt,17
zbr,7
k…ïtΆΓ…ï,4
mbw,2
znvb,1
nvb,2
sj,54
 êl,29
kk ê,1
 ²tΆΓ ²k,1
tΆΓszk,1
tΆΓszkv,1
zkv,2
msk,13
mf,10
ndl,9
kj,22
zvr,11
sxw,2
zvw,14
ls,75
ztΆΓ ²t,1
rdt,1
…ïk,8
rp,23
rpr,3
v ²,152
rm,108
 ês,14
 êsp,4
stk,73
lsk,53
 ²n,21
sr,9
rw,13
m…ï,38
ktΆΓs,61
ktΆΓsj,46
 êp,26
 êpr,4
zl,28
vvp,4
vvps,1
vps,1
msv,3
mr,44
xsw,1
lstΆΓs,12
kp ê,12
ntn,5
stn,36
 ²s,2
 ²sp,1
spr,76
vdΆΓ ëm,1
dΆΓ ëm,1
bk,29
ndr,5
w…ï,84
rmr,1
ztv,3
m ²,9
lm,17
xtΆΓs,23
mskr,3
skr,16
ltr,2
ltrv,1
trv,13
tb,16
pn,38
mvs,8
mvst,3
mvst ê,1
vst ê,10
st ê,50
stvp,5
tvp,6
wvr,3
xv ë,1
kbw,1
wt ê,1
ntk,3
nf,51
nfl,3
fl,17
ktz,3
ktzp,1
ktzpr,1
tz,20
tzp,1
tzpr,1
trk,2
xvn,1
px,8
dzn,3
…≤s,123
…≤st,64
…≤stv,64
rw…ï,1
mtΆΓ…ï,7
tΆΓszm,1
dpr,9
ngl,2
dΆΓ ëtΆΓs,2
gd,73
npr,5
dΆΓzv,9
lg,16
dpw,2
…≤tΆΓs,39
mg,17
mgl,1
mmn,3
sxm,1
ntΆΓ…ï,21
fr,34
 ²l,8
nx,5
tt,39
wdΆΓ ë,5
rz,5
rztΆΓ…ï,1
wz,48
wzb,3
ntΆΓsj,47
 ²p,23
l ²,13
wp,45
wpr,12
gwv,1
gwvp,1
wvp,4
wg,14
ktm,1
tm,24
rp ê,3
kg,14
kgr,2
wsw,1
mtΆΓ ²t,2
gwp,2
gwp ê,2
wp ê,11
ml,14
mlz,1
lz,6
tkn,5
xzn,5
…≤sk,56
…≤stΆΓs,2
dk ²,3
dk ²t,3
k ²,43
k ²t,11
 ²t,54
zzr,2
m…ïn,2
 êspr,1
gwb,9
wb,26
r ê,9
rvm,1
mj,30
tzm,2
 ²tΆΓ…ï,6
ntm,4
dΆΓzk,15
nzd,2
wj,28
st ê…ï,1
st ê…ïv,1
t ê…ï,1
t ê…ïv,1
 ê…ï,7
 ê…ïv,1
 ²m,11
ksp,19
swt,1
nzv,2
skl,2
xtr,2
xtrv,1
 ²v,12
zgw,13
mvsw,1
psk,5
ssw,1
rr,9
dtΆΓs,8
mzm,3
ntr,27
 êvk,4
rtΆΓ ²,27
gk,1
gkr,1
gv,18
mzb,2
m ²p,2
tx,18
nts,1
nts…ï,1
ts…ï,1
s…ï,3
rx,10
vzm,3
xf,9
xfr,1
…ïb,6
zx,11
zxv,1
mtx,1
mtxn,1
txn,3
fx,1
fxtΆΓ…ï,1
wtΆΓs,17
wm,28
dΆΓ ëv,4
 êz,14
 êzg,1
b ë,1
dx,10
…ïz,11
…ïzz,1
sts,7
stsk,2
w ²,4
w ²k,1
w ²kl,1
 ²kl,1
wr,6
zkl,4
bz,12
dwn,4
trn,1
 êf,2
m…ïm,2
 ²w,26
n…ï,5
n…ïm,1
…ïvt,2
mkp,1
mxtΆΓ…ï,1
rvn,3
tj,21
 êj,8
…ïzb,2
wvtΆΓs,1
st ²,2
t ²,4
t ên,8
bx,1
tp,55
lkn,1
kvkw,1
vkw,3
wd,37
mvz,4
mvzr,2
vzr,9
tΆΓ ²tΆΓ ²,3
tΆΓssk ê,1
wdw,2
nsj,4
nr,7
sp ê,22
mgr,2
mpr,27
w…ïm,1
w…ïl,1
…ï…ï,3
nsv,3
nsvr,1
svr,1
 ²x,1
dgw,3
x ²,2
x ²m,1
txv,2
v ²p,3
v…ïtΆΓ…ï,2
bstv,1
txj,1
tw,21
tΆΓsm,7
k…ïm,1
 êm,15
wzz,2
wzd,3
nd ê,7
lp,5
mpl,10
ntΆΓsk,4
w ê,7
wzg,2
wzgn,1
zgn,3
wd ê,2
wd êv,2
dwd,6
skm,1
m ê,7
ddΆΓ ë,6
tΆΓ ²m,4
ng ê,1
lj,2
nvtΆΓ ²,1
mv ²,5
ntv,2
rfr,1
…≤z,2
…≤zm,2
tΆΓstv,13
…ïvr,1
 êtΆΓs,6
nvw,2
snk,1
kf,1
mps,2
mpsk,1
ll,13
 êvn,1
 ê ²,18
mtΆΓs,13
mtΆΓsd,1
ld,10
gm,15
 êxn,4
dtv,1
stx,4
zdn,1
kzr,1
dst,53
skw,12
ksj,3
p êb,1
kspl,4
spl,4
ksm,2
tf,1
…ïtΆΓ ²,2
dsp,3
mgw,3
lv,13
zdk,2
mpk,2
sks,1
wvtΆΓ ²,4
wvtΆΓ ²v,2
vtΆΓ ²v,3
tΆΓskp,1
tΆΓskp ê,1
wgr,2
tΆΓ ² ê,1
dkr,11
wvs,2
ntp,4
p ²,18
ktw,1
vgw,2
 ëb,2
ntz,1
vstΆΓs,2
 ël,8
pj,1
vzv,9
mvw,6
kgw,2
bj,12
nj,6
sttΆΓ…ï,1
ttΆΓ…ï,3
mvk,5
mvkr,1
lst,3
lstv,2
ttv,1
sxd,1
 ²r,4
tΆΓsbw,1
sl,6
sld,2
psl,1
g êm,1
xkr,4
rgx,1
gx,3
stz,10
stzv,1
tzv,1
d ²,13
vsv,6
xvtΆΓs,2
x…ïv,2
xzp,2
…≤r,2
stvm,1
tvm,1
 êg,3
dxm,1
xbr,1
xbrv,1
brv,1
dkt,2
mvsx,1
vsx,2
rl,15
gz,12
nxtΆΓs,1
rtv,2
tΆΓ ²j,1
vbr,3
nzj,1
vzg,14
vzgl,11
zgl,11
 êzdΆΓ ë,1
pxn,2
zvz,2
zvzg,2
zvzgl,2
nt…ï,1
mzn,8
sd,5
mtΆΓ ²w,2
nkr,5
tΆΓssp,2
tΆΓsspr,1
wtk,1
…ïj,6
…ï ²,2
…ï ²tΆΓ ²,1
vzd,1
wf,2
wfr,1
zs,21
zsw,1
stb,5
wtΆΓ ²,8
ksw,3
ndΆΓ ë,6
zbl,6
 êr,9
rj,5
 ²dΆΓ ë,1
fv,1
l ²t,2
mbr,3
ndt,1
xzd,4
tΆΓsf,5
nl,4
wtΆΓ ²t,1
wl,4
dp ê,6
kgd,3
ztr,4
…ïx,2
…ïxtΆΓs,1
sdr,1
std,3
td,11
lsw,1
tΆΓs ê,3
stp,23
 êp ê,2
vf,12
rv ²,31
sws,2
swsp,1
wsp,6
stj,11
kx,7
svs,2
svsw,1
 êvp,4
 êvpw,1
d…ïv,1
b ²,13
z ë,2
…≤sp,1
st êt,1
t êt,1
m…ïp,1
kzv,2
sxr,2
xzv,12
tvs,6
tvst,3
mtr,5
wdr,2
wspr,1
…ïpr,1
msw,1
vspr,16
wzl,1
mvsp,3
mvspr,1
vsvj,1
svj,1
mkl,3
n ê,6
ft,5
 ²…ï,1
nbw,1
stt,21
mzr,1
 ²kw,1
 êvr,1
vpr,29
nvp,1
nvp ê,1
bt,4
xvp,5
xvpr,1
kvs,4
kvsv,1
vpl,4
stm,8
kvsw,1
xdv,4
stzg,2
tzg,3
bm,3
sps,1
rsv,1
tΆΓ ²p,4
 êtΆΓ…ï,1
mvp,7
wtΆΓsv,1
tΆΓsxv,1
tΆΓ ²tΆΓ…ï,3
dΆΓ ë…ï,1
dΆΓ ë…ïv,1
rtΆΓsj,3
nvv,1
rnk,2
tkv,2
dv ²,1
x ë,2
sk…ï,1
fb,1
vvs,1
vvsp,1
mzp,2
x…ït,1
wtp,1
f…ï,1
vk…ï,2
dΆΓ ëtΆΓ ²,1
rvtΆΓs,3
t êp,2
msm,1
xzm,2
tΆΓ ²s,4
tΆΓ ²sp,2
stst,3
tst,6
nkt,5
gb,2
ndg,1
rtr,5
mzw,2
xsf,1
mz ²,1
z ²,6
gt,4
…≤vn,2
bt ê,1
zx ê,3
 êvp ê,1
stΆΓ…ï,2
vdw,2
…ï ê,1
tΆΓ ²l,1
tΆΓszd,1
dtr,1
 êvtΆΓ ²,1
xkt,1
v ²tΆΓ ²,5
ngr,4
btΆΓ…ï,6
 êbs,1
nds,1
ndsx,1
dsx,1
stw,1
zwv,1
zwvn,1
wvn,1
kstm,1
kstmn,1
stmn,2
tmn,2
stvs,5
stvst,2
tsv,1
krv,4
sxl,1
dΆΓzb,2
nvr,1
tpl,6
zbw,3
vxv,2
mskw,2
dgl,1
dwt,1
xzdr,1
rsj,2
brn,1
ntj,2
vzj,3
xvv,2
rpn,2
xpr,6
r…ï,7
 êxw,1
rmw,1
k ²k,1
vgd,1
ksf,1
nfr,6
rkn,1
wkw,2
tΆΓszg,1
kdΆΓ ë,3
kxtΆΓs,1
tΆΓsl,7
d ²k,5
rtp,1
rtp ê,1
tp ê,19
xvtΆΓ ²,1
mtv,2
mzd,5
mzdj,1
lg ê,1
xzl,1
l ²tΆΓ ²,2
wv…ï,1
wv…ïp,1
v…ïp,1
tΆΓ ²tΆΓs,2
ftp,1
ftp ê,1
tΆΓsvrm,1
tΆΓsvrml,1
vrm,1
vrml,1
rml,1
z ê,6
rvw,1
vvp ê,1
v…ïl,1
kzb,2
zsl,1
zsld,1
dΆΓzn,1
nsf,3
rv ê,1
 ²tΆΓ ²z,1
 ²tΆΓ ²zk,1
tΆΓ ²zk,1
lgd,1
lgdz,1
gdz,1
wk…ï,2
pm,1
dΆΓzj,2
wzr,1
 ²tk,3
…ïtw,1
 êxl,1
fn,1
pv,2
pvx,1
vskw,1
zmn,3
wgw,3
mkr,7
wtΆΓ…ï,4
 êvt,2
 êvtr,1
dvw,2
kvb,2
ndΆΓz,1
ndΆΓzk,1
b êm,3
tΆΓ ²zw,1
…ïvs,2
…ïvsk,1
kts,2
ktst,2
ktstv,1
tstv,1
ktd,1
ktdl,1
tdl,3
vvr,3
zsk,2
zsk ê,1
 êzt,2
 ²tΆΓ ²m,1
r ²tΆΓ ²,2
ptΆΓ ²,5
m…ïr,2
xvr,3
mvpw,1
tvt,7
stpw,1
tpw,2
tΆΓsstr,1
 ²vs,3
 ²vsv,1
…ïzm,1
xkv,2
kkt,3
rdr,1
vk ²,1
vk ²t,1
dr ê,1
nkl,4
nsw,1
ntΆΓskl,1
tΆΓskl,1
k ë,2
k ël,2
tkl,1
tΆΓs ë,1
pst,4
pst ê,1
r ²t,1
vztΆΓs,1
mdd,1
dΆΓzt,5
dΆΓztv,5
…≤t,2
m ël,1
xztΆΓ ²,1
xztΆΓ ²s,1
ztΆΓ ²s,1
zdp,1
pxd,1
pxdl,1
xdl,1
ktv,5
 ëp,1
tΆΓ ²km,1
wmn,3
kvkr,1
vdΆΓz,1
szn,1
stΆΓsb,1
xspr,3
zgv,1
svtΆΓ…ï,1
 êkr,2
lr,1
stv…ï,2
stv…ïv,1
tv…ï,2
tv…ïv,1
v…ïv,2
mzg,2
stΆΓsk,1
xvp ê,1
ddw,1
ktj,1
dtΆΓ…ï,5
…ïdΆΓ ë,3
rvz,2
rvzv,1
wx,4
dvr,6
…ïd,6
vss,1
vsss,1
vsssp,1
sss,1
sssp,1
ssp,2
ntpr,1
tpr,4
…ïs,3
…ïst,2
zsv,1
…ïvsp,1
gj,1
lnj,1
skn,3
strv,1
vkl,2
ndz,1
stp ê,10
xdn,2
tΆΓsvt,1
st…ï,3
st…ïr,1
t…ïr,1
ntΆΓ ²,3
ntΆΓ ²v,1
zdv,1
stzm,1
 ²d,2
nzn,2
m…ïv,4
xk…ï,1
tΆΓsg ê,1
ngt,3
trb,1
kzgd,1
zgd,1
nzz,2
tsp,3
tspr,1
stsp,2
stsp ê,1
tsp ê,1
xskw,3
mvdΆΓ ë,1
 êzr,1
nzk,2
stvst ê,1
tvst ê,1
pp,4
wmw,2
ngd,2
wkt,1
…ïztΆΓs,1
tΆΓsnn,1
zmw,1
xx ê,1
mvt,1
…ïkr,1
…ïzl,1
trl,1
rstvp,1
dstr,2
rkt,2
…≤b,4
 êsx,1
swn,1
nktΆΓs,7
nktΆΓsj,7
nsx,2
wsv,3
gp,2
gpr,2
kkr,1
kkrr,1
krr,1
ngv,2
vv ê,1
vxw,1
ntl,1
fg,1
fgl,1
wm ²,1
skt,1
wps,1
ptΆΓsj,2
stg,5
stgm,1
tg,8
tgm,1
stvpr,1
tvpr,1
…≤vs,2
…≤vst,1
…≤d,3
…≤n,5
…≤vtΆΓ ²,1
…≤vtΆΓ ²v,1
rtb,1
rtbb,1
tbb,1
bb,5
g…ï,1
…ïzbw,1
wzw,1
wstv,1
gxt,1
tΆΓ ²vt,1
b êd,1
…ïstr,1
bvr,1
…ïdw,1
kt ê,1
w ë,1
tgw,2
 ê ê,2
dxv,1
stskw,1
tskw,1
vgm,2
 ëv,1
lfr,1
wzn,7
tvk,2
mzp ê,1
 ²b,1
 ²br,1
fk,1
msx,1
bwk,1
xkl,4
tsw,1
mpkp,1
mpkp ²,1
pkp,1
pkp ²,1
kp ²,1
rsp,4
stxn,1
wvw,2
m ²k,1
tΆΓ ²g,2
tΆΓ ²gm,1
 ²vst,1
 ²vst ê,1
stpr,3
rbs,1
rbsk,1
bsk,3
zmz,1
stΆΓsp,3
stΆΓspr,2
tΆΓspr,3
mzt,2
ktb,1
tΆΓstΆΓ ²,2
trz,1
trzd,1
rzd,1
df,2
dfr,1
xsv,1
mzl,1
wkv,1
vzn,1
pz,4
zzg,1
zzgr,1
stΆΓsd,1
stΆΓsdl,1
tΆΓsdl,2
vt ê,6
tΆΓsss,1
 êdl,2
t…ïn,1
xzs,1
xzst,1
zst,3
xtv,1
st…ïv,2
t…ïv,2
rwt,1
wvk,2
wvkl,1
dΆΓ ëj,1
wkr,2
 êzn,2
lsj,1
dg ê,2
 ²z,3
 ²zn,1
fz,2
fzm,1
gdp,1
tΆΓsdv,1
vzz,1
sxj,1
xvl,1
lx,2
vsn,1
btΆΓ ²,1
ngw,1
dstv,2
msk ê,1
mxtΆΓs,1
 êsk,1
zxtΆΓ…ï,1
ttr,2
sttr,1
 êxtΆΓs,1
vsm,1
dΆΓ ën,1
tΆΓ ²gd,1
 êbw,1
kvst,1
kvstr,1
xsp ê,1
 ²p ê,1
xpw,2
x…ïd,1
x…ïdv,1
…ïdv,1
tΆΓssv,2
…≤tΆΓ…ï,1
wvm,1
zkw,2
tΆΓstΆΓs,4
…ïmn,1
bnl,1
xgw,2
dgr,2
kvsp,1
ndx,1
xvd,1
vvpr,2
ssm,1
ntb,3
pstv,3
sbr,1
ngz,1
tΆΓ ²sv,1
vzgw,1
pd,4
mdv,3
bstΆΓs,1
zt ê,2
ddΆΓz,1
ddΆΓzv,1
xtt,1
xttp,1
ttp,1
vvv,1
mtl,1
vvdΆΓ ë,1
 êvd,1
 êvdv,1
vdv,1
wzp,2
vzp,2
 êvkr,1
ztw,2
drg,1
drgn,1
rgn,1
tdr,1
dkl,1
p…ï,1
zskn,1
zsknz,1
zsknzz,1
zsknzzl,1
sknz,1
sknzz,1
sknzzl,1
knz,1
knzz,1
knzzl,1
nzzl,1
zzl,1
tΆΓsmn,1
vsp ê,1
xzpr,1
mk ê,2
tvp ê,1
dkw,1
zv ²,2
 ²tm,1
mkw,1
zd ê,2
zmp,1
xd ê,2
tΆΓstΆΓ…ï,3
xdb,1
 êvw,1
lsv,1
lsvx,1
svx,1
dΆΓzm,2
mzv,3
tΆΓ ²d,2
bd,1
tΆΓ ²r,1
dΆΓ ëd,1
rspn,1
rspnr,1
spn,1
spnr,1
pnr,1
mspr,3
kpr,3
vb ê,1
rwn,1
mtΆΓsv,1
knf,1
knfz,1
nfz,1
stgv,1
tgv,1
rvp,2
kzs,1
llb,1
 êbr,1
wzv,3
d ²p,1
…≤pr,1
tΆΓs ²,1
tΆΓs ²k,1
 ²j,2
t ²k,1
ktn,3
…≤vsp,1
tΆΓszt,1
 ²tΆΓ ²d,1
zzk,1
swg,1
zw…ï,1
dsp ê,1
st êk,1
t êk,1
k ²w,1
m ër,1
sdw,1
stvsp,2
tvsp,2
drj,1
l…ï,1
lzt,1
lzttΆΓ ²,1
zttΆΓ ²,1
ttΆΓ ²,3
lnm,1
lnmx,1
nmx,1
ngs,1
gs,2
tΆΓ ²vk,1
vzw,1
kzbr,1
mbl,3
wv ²,1
bgv,1
wvst,1
mzdr,1
stv ²,1
tv ²,1
zzz,2
tΆΓ ²sp ê,1
mmw,2
rbk,1
gwm,1
pvm,1
xmr,1
kgv,1
zmv,1
zmvs,1
zmvst,1
 êtr,1
kwz,1
kwzv,1
wzp ê,1
skk,1
skkl,1
kkl,1
mdl,1
dvs,1
dvsk,1
vsk ê,1
wdv,1
nktΆΓ…ï,1
 êv ²,1
 êv ²p,1
vttΆΓ ²,1
tΆΓszw,1
tΆΓ ²vtΆΓ…ï,1
xmw,1
swsm,1
wsm,1
p êr,1
tΆΓsvm,1
zvs,1
dmw,1
rvv,1
wvx,1
tzs,1
tzsx,1
zsx,1
lmd,1
ltx,1
gg,2
mkt,1
…ïzd,1
lmp,1
lmp ê,1
kx ê,1
kgdΆΓ ë,1
…ïxtΆΓ…ï,1
gwd,1
xvspr,2
dwv,2
dwvv,1
wvv,1
tΆΓsvkr,2
 ²f,1
dvp,1
dvpw,1
vxl,1
mvtΆΓ ²,1
gw…ï,1
ktΆΓ ²v,1
rtn,5
stΆΓsp ê,1
bstr,1
rvt,1
rvtr,1
lb ê,1
rtw,1
ntx,1
ntxtΆΓ…ï,1
txtΆΓ…ï,1
tgd,1
mxw,1
tΆΓstΆΓsd,1
tΆΓstΆΓsdl,1
ftΆΓs,1
ftΆΓstΆΓs,1
tvr,1
kvpr,2
w…ïv,1
stxv,1
dΆΓ ët,1
ntt,1
mvzg,1
mvzgl,1
 êv ë,1
xvpw,1
nktv,1
xbw,1
…ïdl,1
…≤stvtΆΓ ²,1
…≤stvtΆΓ ²w,1
stvtΆΓ ²,1
stvtΆΓ ²w,1
tvtΆΓ ²,1
tvtΆΓ ²w,1
vtΆΓ ²w,2
wtv,1
…≤stvt,5
…≤stvt ê,5
stvt,5
stvt ê,5
tvt ê,5
wmr,1
nsn,1
nxr,1
kzp,1
 ²vsp,1
 ²vspr,1
vgl,1
ggs,1
ggsp,1
ggsp ê,1
gsp,1
gsp ê,1
mfj,1
fj,1
wvg,1
wvgw,1
xvf,1
msr,1
…ïzn,1
wvt,1
ngb,1
nzl,1
zstr,1
xvk,2
xvkw,1
pzk,1
ttn,1
pf,1
stvn,1
tvn,1
dΆΓzkr,1
mvp ê,2
vkn,1
 êzx,1
 ëm,1
mtΆΓstΆΓs,1
mtΆΓstΆΓsl,1
tΆΓstΆΓsl,1
ddn,1
x…ïr,2
mpx,1
 êsp ê,1
xvsk,1
ttx,1
rntΆΓs,1
rntΆΓsr,1
ntΆΓsr,1
sttΆΓ ²,1
sttΆΓ ²w,1
ttΆΓ ²w,1
…≤stvs,1
zzv,1
zzvw,1
bsw,1
xv ²,1
lvs,1
lvst,1
xvj,1
mzz,1
nzg,1
vdn,2
 êdΆΓ ë,1
vkv,2
llv,1
rtx,1
tvw,1
np ê,1
lnn,1
…ïg,1
…ïkl,1
tΆΓsv ²,1
tΆΓsv ²tΆΓ ²,1
ttΆΓsk,1
t êb,1
zvtΆΓ ²,1
tvkv,1
st ²tΆΓ ²,1
t ²tΆΓ ²,1
 ²tΆΓs,1
kdw,2
stgr,1
tgr,1
n ²,1
mvf,1
mvfr,1
vfr,1
gtΆΓ ²,1
zvm,1
lzd,1
mtrv,1
…ïbk,1
vtΆΓsd,1
kv ²,1
 êpw,1
kvbr,1
sttΆΓs,1
lzb,1
ktzn,1
tzn,1
dsm,1
zzn,1
tΆΓ ²pl,1
gzv,1
tzz,1
r…ïtΆΓ…ï,1
zsp,1
zsp ê,1
…≤…ï,1
nbr,2
…ïzt,1
gvs,1
gvsp,1
rkm,1
 êst,1
stzb,2
stzbl,1
tzb,2
tzbl,1
stl,1
stlb,1
tlb,1
kvp ê,1
z ²k,1
bzn,1
xgv,1
dΆΓzx,1
kvz,1
…ïvk,1
m…ï ²,1
stv…ïr,1
tv…ïr,1
bzw,1
vdl,1
vstv,1
txt,1
xzgw,1
dwz,3
dwzn,3
mzk,1
wtΆΓ ²w,1
rv…ï,1
pts,1
vtΆΓsb,1
tΆΓskr,1
xkrv,1
kstp,2
kstpr,1
xvkr,1
kstb,1
kstb ê,1
kstb êm,1
stb ê,1
stb êm,1
tb ê,1
tb êm,1
rtj,1
xns,1
xnst,1
nzt,1
nzt ê,1
tΆΓsgw,1
skb,1
xvz,1
stgw,1
