cluster,occurences_pl
ʃt͡ʃ,4910
zn,1839
ft͡ʃ,1058
pt͡s,273
zd,1647
ʃk,938
mt,375
mtʃ,9
tʃ,2019
vr,1004
ŋk,795
xk,317
sp,4406
gl,609
ŋd,1282
pʃ,5760
kt,3036
vd,583
vdw,22
dw,754
mn,707
nt͡s,559
mk,458
st,11839
zj,541
dn,1492
rb,179
dr,1206
sk,5391
mkʃ,16
kʃ,1103
mv,520
mvr,32
ŋt͡s,2855
dɲ,1383
kk,161
nn,977
fk,1167
dv,1245
ɣm,319
ɣw,438
d͡zv,177
d͡zvɲ,9
vɲ,1116
rt,1164
rtt͡s,56
tt͡s,184
gɲ,280
ʃɲ,893
ŋd͡z,765
ŋd͡zd,35
d͡zd,55
mb,638
ɣv,711
ɣvr,20
zz,331
zzm,6
zm,933
mɣ,81
mɣw,10
ml,127
zb,773
rɲ,200
fp,1358
bl,763
zd͡ʒ,114
t͡sk,702
nk,1614
pl,630
ps,422
gn,289
vb,361
vbl,14
st͡s,664
lk,1158
ŋt͡sp,100
t͡sp,171
spw,58
pw,679
tk,2389
fkʃ,16
fkʃt,7
kʃt,74
ʃt,622
wt͡ʃ,106
gv,414
tt,517
ttʃ,29
rk,591
ŋd͡zz,81
ŋd͡zzɲ,4
d͡zz,121
d͡zzɲ,5
zɲ,343
mp,1901
gvʒ,9
vʒ,302
lt͡s,143
tr,3021
rn,581
dz,283
dzr,3
zr,698
zdr,196
xp,750
wk,559
gr,1460
nz,181
nzɲ,17
ɣb,168
ɣbr,8
br,1258
fs,1915
fst,387
fstr,64
str,1185
rv,702
kt͡s,452
kt͡sj,288
t͡sj,2524
t͡ʃw,472
gz,343
gzb,10
tp,1081
spʃ,313
pɲ,124
dʒ,340
pf,25
pfs,3
pfsp,3
fsp,636
xs,530
xst,178
xstr,73
xpʃ,208
zv,1469
dd,390
ddʒ,14
pt,218
ks,664
ksk,34
kskr,3
skr,190
kr,1903
md͡ʒ,71
mʃ,395
zl,162
stn,100
tn,567
ɲt͡ʃ,965
kf,523
ŋt͡sn,91
t͡sn,269
ʃs,169
ʃsp,33
mɲ,834
kst,138
kfk,45
ln,1494
wt,270
kl,653
mj,309
xsp,125
ɣg,124
ɣgr,38
ŋt͡spʃ,31
t͡spʃ,53
tpl,38
tf,2029
rm,762
ŋt,1246
mm,326
t͡ʃn,1749
sʃ,125
ʒɣ,63
ɣvʒ,13
ɲd͡ʒ,766
ŋt͡sʃ,105
t͡sʃ,135
tkl,14
ŋt͡ʃ,363
ms,670
mst,229
gʒ,168
rf,331
ng,273
t͡ʃm,223
ʒd͡ʒ,459
dm,350
lɲ,477
ft,891
ftl,6
tl,144
rʃ,295
md,355
mdv,23
zɣ,255
pn,118
ɣn,375
mpw,28
kft͡ʃ,23
gw,1106
rt͡s,250
db,384
dbʒ,16
bʒ,293
ʒɲ,452
ŋtk,234
kfʃ,14
fʃ,1471
gd͡ʒ,195
xt,194
ʒz,224
ʒzj,9
gɣ,63
rd,279
sw,1243
bw,165
rs,612
rsk,243
ɣd͡ʒ,78
xf,198
rp,246
rpk,4
pk,241
kp,391
zʒ,96
xpl,8
fl,95
ktr,75
t͡ʃp,462
t͡ʃpw,4
ft͡s,519
t͡ʃt,368
xʃ,209
xʃt͡ʃ,14
ʃt͡ʃw,3
zdv,148
ŋg,519
ŋgw,29
fsk,551
mstr,92
ɣr,380
lt͡ʃ,124
skw,134
kw,668
vg,242
ʃp,534
fʃr,105
ʃr,469
ns,805
nsp,112
t͡ʃk,443
ʒd͡ʒd͡ʒ,14
d͡ʒd͡ʒ,47
ɣj,118
gd,814
gdr,14
pr,4450
nst,235
nstr,90
nt,2015
xfk,15
sn,496
t͡ʃt͡s,74
ʒv,1107
ʃm,832
ɣɲ,294
mr,350
gvb,8
tfp,34
zzr,7
ɣvw,52
vw,742
ŋt͡st͡ʃ,9
t͡st͡ʃ,17
ll,126
t͡ss,112
t͡ssk,32
ɲd͡ʒz,16
ɲd͡ʒzr,1
d͡ʒz,283
d͡ʒzr,6
zw,388
skʃ,101
t͡st,251
t͡stʃ,14
t͡sf,95
t͡sft͡ʃ,15
kɲ,234
rg,431
kkʃ,4
vj,229
fpw,99
mf,253
mfp,42
ts,645
gzl,7
dl,1036
wkw,12
ɣl,212
ɲd͡ʒb,6
d͡ʒb,218
nd,748
vm,296
xt͡ʃ,303
ɣz,358
ɣzɣ,9
gb,207
mw,243
ŋt͡sr,38
t͡sr,63
ss,346
ssk,31
xsk,53
nf,325
nft͡ʃ,4
zdj,64
dj,208
mpʃ,247
vbw,8
mz,548
mzb,24
zg,663
bz,51
bzn,7
ʒn,480
fʃl,11
ʃl,1001
bn,215
nt͡sk,44
ŋt͡sl,9
t͡sl,45
znv,11
znvv,1
nv,198
nvv,1
vv,400
nvb,5
nvbr,2
vbr,37
mkr,54
vgw,35
mpt͡s,41
stf,984
d͡ʒv,389
lf,42
kn,428
mzn,29
kpʃ,86
dvr,40
mvd,9
ws,240
ŋts,12
ŋtst,5
tst,339
nt͡ʃ,180
dʒv,117
ŋtɲ,44
tɲ,812
ɣzb,13
mg,176
mgr,13
wv,282
wvl,6
vl,182
tkt,19
kfs,37
kfsp,23
ngl,16
ɣɣ,78
ɣɣw,37
vɣ,154
bɣ,61
ŋt͡sm,45
t͡sm,77
tsk,60
mbl,9
ktʃ,17
msf,32
sf,820
fpl,12
ff,168
ŋt͡sw,3
t͡sw,28
ɲd͡ʒd͡ʒ,10
nfk,5
mʃɲ,6
wp,475
wpʃ,98
ŋt͡ʃn,40
zvr,105
ŋt͡sf,40
ŋt͡sfp,13
t͡sfp,17
ŋt͡sj,48
ʃkl,31
kpw,14
vz,809
vzd,38
vzdw,23
zdw,43
ʒb,181
ʒbʒ,1
ŋt͡st,51
ŋt͡stf,3
t͡stf,160
ɲt͡s,220
fsw,53
mbʒ,8
nm,80
mpl,78
xʃɲ,6
msk,67
sst,73
fspl,2
spl,63
ttr,31
psp,21
t͡ssf,13
t͡ssfl,1
sfl,2
nɣ,36
nɣw,9
ŋt͡st͡s,9
t͡st͡s,37
ʒvd͡ʒ,3
vd͡ʒ,184
fr,232
km,197
ffs,23
ffsp,13
ʒd,370
gzd,38
gzdw,7
mt͡ʃ,224
mt͡ʃt,3
mpk,11
ʃd͡ʒ,7
ʃd͡ʒk,7
d͡ʒk,7
vzb,35
st͡ʃ,119
mbɲ,6
bɲ,141
rd͡ʒ,265
ŋt͡sk,42
fkr,95
ɣzn,21
ɣzd,28
ʃn,443
skf,33
tpʃ,122
t͡sfk,14
zɣɲ,5
znvr,2
nvr,5
xtʃ,21
wb,255
bv,63
sm,188
sj,421
zbr,68
ʃt͡s,45
xfl,4
mzɲ,20
gvd,5
gvdw,1
xfs,36
xfsp,20
znb,2
nb,84
dg,168
fkt,116
gzʒ,2
d͡zzj,3
ksʃ,2
pp,111
zns,2
znst,2
ʃt͡ʃm,33
vzg,136
vzgr,5
zgr,87
vn,1245
ksp,141
kspl,18
xt͡s,267
rt͡ʃ,495
stʃ,394
kt͡ʃ,139
kt͡ʃw,8
gvɲ,7
ʃʃ,286
rʒ,114
wn,354
ŋgɲ,85
gzj,8
ŋd͡zv,70
ŋd͡zvr,17
d͡zvr,18
wvv,9
ŋd͡zvz,5
d͡zvz,8
ɲt͡ʃk,12
ɣd,284
ŋd͡zzb,3
d͡zzb,5
sps,7
stk,587
mfk,19
mfkʃ,1
mfkʃt,1
t͡sfs,18
ntr,240
ŋd͡zb,15
d͡zb,49
ɲk,28
vvb,5
t͡sst,22
xʃp,6
skl,54
tw,199
lj,31
d͡zvʒ,8
sfr,7
ŋd͡zl,2
d͡zl,7
zzd,10
zzdw,2
ɣmw,5
ŋd͡zvj,4
d͡zvj,4
dzɣ,7
rtk,46
zdm,2
mfs,45
mfsp,23
xkf,15
wvr,26
gzv,27
ʃt͡ʃp,107
ʃt͡ʃpʃ,19
t͡ʃpʃ,93
mbn,16
znl,1
nl,34
msp,125
t͡ʃɲ,576
ŋd͡zzw,2
d͡zzw,5
mzj,7
ɲʃ,12
kj,152
dgw,39
d͡zg,40
d͡zgr,6
ŋt͡sff,1
t͡sff,2
vgr,56
tt͡ʃ,395
bzg,7
bzgr,2
d͡ʒɣ,29
wɲ,271
tʃt͡ʃ,20
dbr,12
mzd,47
mzdj,6
xtr,24
rd͡z,386
zdɲ,20
kfp,31
ppw,2
mvɣ,3
brv,1
bg,11
bgr,5
xsm,4
d͡zzz,4
bvj,2
mfl,2
ɣzj,12
lv,127
nɲ,279
ɣʒ,114
mʒ,138
mʒd,4
spr,753
rl,168
xfp,33
dɣ,147
mvz,32
mvzd,4
mvzdw,4
ŋt͡sfs,6
ŋt͡sfst,1
ŋt͡sfstr,1
t͡sfst,4
t͡sfstr,2
ʒd͡ʒd,54
ʒd͡ʒdw,6
d͡ʒd,271
d͡ʒdw,10
smg,1
smgl,1
mgl,6
gzn,14
gdv,15
ŋd͡zg,25
d͡zvb,5
d͡zvbr,2
ssp,45
ssps,1
gʒb,4
rʃt͡ʃ,13
ftr,80
sʃɲ,3
ɣdm,1
xfkʃ,2
xfkʃt,2
ŋd͡zvd͡ʒ,1
d͡zvd͡ʒ,1
t͡ʃr,91
zzz,3
mfpl,1
vzj,19
ɣzz,5
nd͡ʒ,45
ɣdr,19
lln,1
ʃpʃ,73
d͡zzr,8
mstʃ,2
xpw,18
ʃsk,14
lm,132
zgd,10
mdr,15
zng,3
zngr,3
ngr,21
xfpʃ,4
fpʃ,217
mzdv,4
lb,165
lbw,6
gzz,4
ŋt͡ʃk,26
lt,195
tst͡s,4
vdr,53
wt͡s,56
zmr,12
t͡sstʃ,1
xkr,37
ɣvz,21
ɣvzɲ,3
vzɲ,22
ŋdr,55
kpl,8
np,140
ŋkɲ,24
rnk,3
skt,50
ŋd͡zvv,2
d͡zvv,2
mfsk,7
pff,1
zzdr,2
ŋd͡zdv,2
d͡zdv,3
ŋt͡spl,2
t͡spl,3
ɲs,844
ɲst,414
mkɲ,35
ŋd͡zʒ,10
d͡zʒ,18
dd͡ʒ,85
ŋt͡skʃ,1
t͡skʃ,2
mvn,6
zgv,7
ŋt͡sfk,3
mtr,29
kfpʃ,7
ɲt͡ʃp,29
rst,178
rstf,164
xkl,20
ŋt͡sɲ,21
t͡sɲ,165
zɣw,12
kkt,8
pst,84
sstʃ,20
kkl,7
dvz,35
dvzɲ,2
kʃm,4
d͡zbɣ,1
kskl,4
mzɣ,4
wd,245
tkf,14
gɣw,4
ŋd͡zgw,7
d͡zgw,7
mvv,7
mspʃ,15
ŋkt,4
ŋktr,1
tfs,44
tfsp,20
znf,5
znft͡ʃ,1
xsw,18
vzv,40
tfst,13
tfstr,1
nfp,5
ɣbl,7
xft͡ʃ,8
dbl,12
zzd͡z,1
zzd͡zv,1
zd͡z,4
zd͡zv,3
ɣdv,14
kfst,6
kfstr,2
nkr,41
nzm,6
ŋd͡zvʒ,2
fsr,3
sr,39
brn,13
kstr,18
nkn,5
ŋt͡ss,56
ŋt͡ssw,1
t͡ssw,1
fʃt͡ʃ,57
xfsw,1
ŋkʃ,230
fft͡ʃ,6
ɣzr,8
bb,30
stt,179
sttʃ,2
dwz,13
dwzd,3
wz,261
wzd,11
ddr,11
gzɲ,6
xps,3
vvz,11
tʃn,55
mt͡s,93
znt,1
zntʃ,1
ntʃ,7
fspʃ,5
ŋdd,7
tʃɲ,7
nj,69
fʃɲ,4
ŋd͡zvb,2
d͡zvbl,1
gbr,5
t͡ssp,14
fkw,18
ŋd͡zk,1
d͡zk,1
tkʃ,12
rdz,6
t͡spr,20
mskl,2
znfs,2
znfsp,2
nfs,10
nfsp,4
xfsk,6
krv,41
sstr,11
ŋd͡zvd,2
d͡zvd,2
gzr,13
fʃp,15
mbr,24
ʃpw,3
t͡sʃm,1
vvr,13
zzv,22
ŋd͡zgr,3
bj,80
xspw,2
fpr,206
skp,6
skps,1
kps,2
ls,530
lst,20
mzr,17
ʒg,53
kʃt͡ʃ,19
gg,52
ggr,6
fsf,61
znft,1
nft,8
tpw,23
ʒvr,17
mpr,169
tfk,13
pft͡ʃ,1
mɣl,6
kskʃ,2
mvzɲ,1
tps,2
pʃt͡ʃ,13
mkf,5
pt͡ʃ,92
mdʒ,6
ʃf,116
ʃfp,17
xsn,1
stɲ,198
ŋd͡zdw,2
d͡zdw,2
ɲt͡ʃps,2
t͡ʃps,5
t͡spw,2
mvm,10
mvmg,1
mvmgl,1
vmg,2
vmgl,1
xfr,5
gm,117
ntk,27
stl,16
gvn,6
gvm,4
ɣzg,13
ŋkt͡ʃ,2
dzd,12
t͡sfpʃ,1
ŋgn,104
kkf,5
ndl,61
wsk,29
wskʃ,2
psk,34
tft,29
tftr,3
gdw,13
dvzb,3
gvj,2
ɲn,29
ʒɣɲ,26
zbw,12
kspʃ,8
ŋd͡zvg,4
d͡zvg,5
d͡zɣ,15
rdl,13
bvr,3
zzd͡ʒ,4
d͡zvgr,2
gdʒ,1
gdʒv,1
ppʃ,22
stm,63
tm,171
bvʒ,2
mʃt͡ʃ,13
xkʃ,19
nts,20
kls,1
klsp,1
lsp,6
sskr,3
mzbl,2
zbl,37
wʃ,567
dzv,16
dzvw,1
zvw,73
ɲsk,398
znvʒ,2
nvʒ,2
wf,154
wfp,27
zzdv,2
ftʃ,18
d͡zzm,6
d͡zzmw,1
zmw,4
ʒm,116
ft͡ʃt,3
ʒvb,5
dvg,3
t͡sfkr,1
ŋd͡zɣ,10
ŋgv,4
ŋt͡ssk,11
pspl,1
xskʃ,4
d͡zzʒ,1
vk,2
ŋt͡sskw,1
t͡sskw,1
mft,22
mftr,2
gzɣ,3
znfp,1
znfpʃ,1
nfpʃ,1
t͡sfʃ,12
t͡sfʃl,1
d͡ʒʒ,65
d͡ʒʒv,23
tln,4
lms,2
lmst,1
gvg,3
mkl,9
wzr,5
tsp,48
tspw,1
sfs,19
sfsp,13
znp,4
znpw,1
npw,2
skʃt,2
mt͡ʃw,24
ɣdw,9
lr,8
kfr,7
d͡ʒm,29
rw,95
d͡zn,10
ʒzd,25
ɣvj,6
ŋd͡zbw,1
d͡zbw,1
ŋt͡ʃɲ,62
kspw,3
t͡sfsp,7
nsw,1
ʃt͡ʃn,37
wkʃ,6
wss,2
kx,15
kxt͡s,5
wkn,6
ɲt͡ʃt,13
rz,80
wg,119
wgr,4
ʒl,217
wsw,13
rlz,1
rlzb,1
lz,19
lzb,3
rfʃ,247
ɲt͡ʃm,12
rvv,4
d͡ʒg,70
ltʃ,2
wj,215
nd͡z,2
nd͡zv,1
kwd,3
t͡ʃj,161
wdv,5
npʃ,24
dwd,29
wvz,12
wvzd,3
wvzdw,3
rgɲ,3
mvzr,7
vzr,104
wm,192
trv,113
lstf,13
stp,188
stpʃ,54
zdʒ,22
zdʒv,10
zdɣ,18
zdɣɲ,1
dɣɲ,6
ʃln,12
ʃt͡ʃt͡s,10
t͡ʃs,279
t͡ʃsk,34
t͡ʃskr,2
rzw,2
ʒd͡ʒɣ,5
ttf,10
rfp,10
rfpʃ,2
rsj,22
lfʃ,4
lsk,402
t͡ʃf,164
zmp,2
nfr,13
ŋgl,40
lst͡s,76
ɲst͡s,19
d͡ʒzm,18
t͡ʃl,86
gvgr,1
rj,127
stj,93
tj,174
wʒ,66
ɲstf,411
t͡ʃst,54
ʃj,81
ɲp,39
ɲpr,8
ʃt͡ʃr,22
ɲb,20
mpn,80
t͡ʃtr,19
ɲd͡ʒd,17
ɲd͡ʒdw,1
ɣvb,6
nkt͡s,73
nkt͡sj,71
d͡ʒvm,7
t͡ʃt͡ʃ,152
ʃt͡ʃf,24
ʃt͡ʃfs,2
t͡ʃfs,18
ffk,7
lʃ,62
tfpw,6
nkt,79
lbʒ,15
dvb,6
nʃ,52
nʒ,53
ŋdɲ,75
zzb,4
ŋtl,6
vdʒ,10
vdʒv,8
ʃst,39
ʃstʃ,2
xpr,102
lkw,3
sts,68
stsf,5
tsf,17
ɣwp,2
ŋtr,17
wst,46
wstr,7
fspr,94
vd͡z,39
ŋd͡zzz,1
ŋdb,11
wvɣ,2
wpr,99
gwb,26
t͡ʃʃ,311
wvg,10
ktɲ,43
nt͡sj,276
tʃm,12
ʃw,238
ɲd͡ʒzm,2
nr,55
rzɲ,2
stft͡s,3
tft͡s,5
ŋtn,65
mps,36
ŋdn,96
tkn,14
ʃtk,10
psw,17
ʃpr,32
mpst,25
mpstf,25
pstf,28
fft,11
ʒʒ,32
zdz,113
ddv,15
rtf,34
tstr,13
mzm,21
mzmr,1
rɣ,65
fstʃ,50
gvw,7
wl,34
xstw,1
stw,13
sɲ,34
ŋkp,6
ŋkpʃ,2
t͡ʃfʃ,31
skɲ,7
rvɲ,4
dʒb,5
t͡ʃpr,74
wft͡ʃ,16
tkr,96
nsj,26
ʒr,44
zwʃ,8
rsp,33
wvʒ,10
ʒd͡ʒz,51
gzm,9
ʒd͡ʒv,59
zwt,1
ʃkf,1
rdɣ,7
ndv,18
ndvw,3
dvw,20
t͡ʃft͡s,5
pj,9
vdl,13
ʒd͡ʒʒ,16
ʒd͡ʒʒv,5
wfk,15
wfkr,2
zgn,3
gʒv,12
d͡ʒvr,16
fn,22
ɲd͡ʒdl,3
d͡ʒdl,18
d͡ʒzb,7
wd͡ʒ,42
wɣ,35
skn,9
d͡ʒzn,12
t͡ʃsf,44
rss,2
rssk,1
rsskw,1
sskw,4
ʒvd,10
ʒd͡ʒvd,2
d͡ʒvd,9
tʃp,17
tʃk,29
ʃt͡ʃt,36
xʃr,22
zgʒ,17
ftf,25
ŋtʃ,100
dɣv,10
rvn,7
rgr,6
fʃt,12
swj,2
ʒgd͡ʒ,8
ɲf,15
ɲfs,3
ɲfsp,1
vzdr,5
d͡ʒdv,7
ʃt͡ʃmw,1
t͡ʃmw,6
px,2
pxt͡s,1
t͡ʃfp,33
mkʃt,6
kpr,43
ɲɣ,7
rnt͡s,1
mʃl,9
ggʒ,1
ggʒm,1
gʒm,6
t͡ʃfpw,4
ɣdl,17
ɣrm,1
trb,2
ɣgw,14
gj,100
rtj,29
ndɣ,5
wfʃ,20
ktp,15
ktpʃ,5
ʒd͡ʒdl,4
d͡ʒvb,9
xkw,6
ɣzdr,5
pʃɲ,1
rvw,4
rt͡sj,34
ɣnd,1
mtf,10
ʃft͡ʃ,14
d͡ʒdr,14
zdvz,8
zdvzg,1
zdvzgl,1
dvzg,18
dvzgl,17
vzgl,117
zgl,125
ʃlt,3
gzd͡ʒ,3
t͡ʃmm,1
t͡ʃmms,1
mms,1
ngv,9
pstr,12
ʒd͡ʒzɲ,6
d͡ʒzɲ,10
vmr,6
ʃt͡ʃpr,15
rsw,3
gwp,12
wtr,12
dws,7
dwsk,2
mkn,26
ɲd͡ʒbr,1
d͡ʒbr,5
ŋd͡zzɣ,1
ŋd͡zzɣr,1
d͡zzɣ,1
d͡zzɣr,1
zɣr,19
ld,72
d͡ʒj,5
wr,99
rpl,16
rx,3
rxt͡s,3
sfp,10
sfpr,7
rgj,34
ʒzr,15
zmɲ,43
rwp,3
vvv,5
ɣzgw,3
zgw,76
ʃʃt͡ʃ,9
ŋdg,11
ŋdgm,3
dgm,5
ʒj,47
rwf,4
rwfʃ,1
rwfʃp,1
wfʃp,2
wsf,33
rr,74
ddʒv,4
nks,17
nkst,13
ndr,27
ɣzgr,1
ŋtm,3
rpr,33
ɲstfp,1
stfp,17
mʃr,12
mzv,37
ɲʒ,7
t͡ʃfk,14
mgw,51
nspr,3
dwn,20
wtʃ,9
ʃt͡ʃs,47
ʃt͡ʃsf,5
rd͡ʒz,3
d͡ʒvbr,2
nʒv,5
ɲt͡ʃt͡ʃ,11
zdrp,1
drp,1
tsw,28
tpr,95
stt͡s,16
drʒ,17
t͡ʃkr,16
rft͡s,13
zd͡ʒv,4
ngɣ,6
zdg,30
ntj,11
nkp,10
mt͡sl,2
nvɲ,2
ʃt͡ʃsk,7
ʃt͡ʃskr,1
xt͡ʃw,16
mfspr,2
ʃʃp,1
lspr,1
swv,5
mbd,9
bd,38
ptm,2
ʃt͡ʃt͡ʃ,14
dvʒ,8
xfʃ,20
rmg,1
sspw,1
ntkf,1
zzg,6
rfm,1
fm,16
nkf,5
rwg,1
wzɲ,9
nx,9
nxt͡ʃ,3
ndz,15
rdm,5
ŋtʃn,47
vvn,3
ɣdɲ,16
ŋt͡spw,1
t͡ʃpl,9
ngz,5
ngzz,1
mʃk,10
ŋdm,13
d͡ʒʒm,1
strj,2
trj,6
dwʃ,7
rzd,15
ʃt͡ʃj,28
wzw,10
d͡ʒvn,6
fj,30
ndn,1
xtrv,1
vzm,28
ɣvg,5
ɣvgd,1
vgd,6
ʃtr,16
xfʃp,1
mzz,6
znpʃ,2
sfʃ,18
ntst,7
ntstr,2
ŋtp,79
ŋtpʃ,8
vwz,2
vʒv,35
d͡ʒvɲ,9
lp,38
ʒd͡ʒvr,3
kfʃr,1
ʒzg,7
ʒzgw,3
ɣvv,9
vzn,24
ʃt͡ʃsp,15
ʃt͡ʃsps,1
t͡ʃsp,62
t͡ʃsps,1
tt͡ʃʃ,1
swvn,1
wvn,7
mss,4
ʒvɲ,6
ksw,9
zwd,2
rpw,2
sl,59
vzɣ,38
wzg,9
wzgw,2
ɣzv,29
wfpr,7
bm,28
ŋdl,6
ŋt͡ʃt͡s,1
wʃk,3
wʃkl,2
lg,64
dwb,6
wɣl,1
swʃ,3
wvd,6
wvdw,1
ɲj,9
gmɲ,2
ŋd͡zn,3
drg,9
drgn,3
rgn,6
tsfs,1
tsfst,1
sfst,4
zɣv,18
zɣm,3
ttʃm,1
dzb,19
wtw,1
wfpʃ,2
xʃt,5
t͡ʃfsf,2
zzʒ,4
zzʒv,1
zʒv,11
ʃkw,11
sʃt͡ʃ,7
wmw,4
ɲsf,1
sws,6
swsw,1
kft,12
gvr,11
ɣrd͡z,1
wbr,7
gwk,5
ndʒ,44
d͡zgz,2
d͡zgzd,1
mdʒv,2
mdw,4
mʃkl,1
kmɲ,6
ɲm,16
ntl,3
wzn,11
t͡ʃstr,9
nzd,10
ʒɣv,3
d͡zvzr,3
wɣw,1
ʒvz,8
ʒvzr,1
wgw,18
tspr,11
wdw,9
ngw,1
ɲt͡ʃʃ,16
ɲz,39
wvzr,3
dgr,32
rwʃ,9
dwt,6
zdzv,6
dzbw,1
xft,16
swg,2
swgw,1
ʃt͡ʃfʃ,5
ʃt͡ʃfʃr,2
t͡ʃfʃr,3
mft͡ʃ,17
rpʃ,22
zwv,2
mstf,15
mkt,2
sft,7
d͡ʒgw,13
ɲt,18
lvd,2
mʃm,10
bʒm,31
zzj,4
ʃspʃ,2
ɲt͡ʃs,13
ɲt͡ʃsp,4
ɲt͡ʃspr,2
t͡ʃspr,17
ŋt͡sst,5
ŋt͡sstr,4
t͡sstr,5
xtf,13
wkl,9
ŋdv,22
ɲt͡ʃkr,2
ʃkʃ,5
msw,14
ɲt͡ʃf,10
ʃt͡ʃɲ,26
dɣʒ,2
ŋkn,42
gdz,14
gdzj,1
dzj,3
gwpʃ,6
mpɲ,47
ɣʒz,1
ɣʒzɣ,1
ʒzɣ,3
ŋdʒ,21
ŋdʒz,1
dʒz,1
mʒv,52
nsk,14
sww,1
ww,7
ʃmɲ,17
ɲd͡ʒg,4
ktm,5
ktmɲ,2
tmɲ,7
lgn,4
wzm,8
zvl,4
kwʃ,3
nzn,20
ʒzdr,5
rvm,4
mʃt,7
wzb,14
ŋkw,6
ŋkwk,1
ŋkwkr,1
ŋkwkrv,1
kwk,1
kwkr,1
kwkrv,1
wkr,10
wkrv,1
mvl,7
nkʃ,6
gwʃ,15
wtf,12
xspr,32
zgɲ,13
rtɲ,6
ltr,13
vɣv,11
tx,14
fɲ,4
wfʃr,5
mvdʒ,2
mvdʒv,2
t͡ʃtf,9
ʃsf,16
strf,1
strfk,1
strfkl,1
trf,1
trfk,1
trfkl,1
rfk,3
rfkl,1
fkl,19
rrʒ,1
rrʒn,1
rʒn,2
tts,1
ttsk,1
rvr,1
wmɲ,24
kts,7
ktsw,1
mfʃ,28
mzg,18
mzgw,7
gʒl,2
swr,2
d͡ʒvz,16
d͡ʒvzw,1
vzw,13
swsf,1
ŋgd,4
ŋkl,2
tkw,11
ʒgr,7
rtl,2
rfx,1
rfxt͡ʃ,1
fx,3
fxt͡ʃ,1
mspr,27
ʃsl,1
ktt,5
ʃlv,1
ʃlvr,1
lvr,2
swk,3
zdɣn,7
dɣn,13
wsp,41
wspʃ,6
d͡zm,17
dwf,5
dwfr,1
wfr,3
gwm,5
zdb,56
zdbl,3
d͡ʒzz,4
ɲzn,2
ʒd͡ʒzv,2
ʒd͡ʒzvw,1
d͡ʒzv,15
d͡ʒzvw,3
ʃt͡ʃk,35
t͡ʃʃm,3
rtr,10
t͡skp,2
t͡skpʃ,1
t͡sks,3
t͡sksʃ,1
zvn,5
tfʃ,22
tʃl,10
ntp,23
ntpʃ,3
tʃr,8
rkk,1
ʃps,7
rstk,1
ʒzɲ,8
d͡zgʒ,1
dwzdr,1
wzdr,2
swɲ,2
rmj,15
ʒzdj,1
trz,2
trzm,1
rzm,3
msm,5
fʃm,5
ʒd͡ʒvm,3
ksf,6
ʒd͡ʒb,24
lɣ,6
kss,8
ɲt͡ʃl,21
sks,4
sksp,2
mx,12
mxt͡ʃ,9
mdl,23
ʒbw,1
wʃt͡ʃ,8
ɲv,33
ɲvd,1
ʃt͡ʃfp,5
ʃt͡ʃfpw,1
ndd,14
nddr,1
swp,5
swpr,1
ɣbw,3
mzʒ,4
gdd,3
ɣzm,23
xss,3
xsst,1
ɣɣr,1
ʃlɲ,9
ʒvn,3
ŋd͡zɣr,1
d͡zɣr,1
tft͡ʃ,43
ʒd͡ʒzd,5
d͡ʒzd,16
mfʃt͡ʃ,1
lkɲ,1
ɣmn,3
mmg,1
mmgw,1
ktf,19
t͡ʃskw,5
nɣv,1
mvdw,1
ʃt͡ʃl,11
xfkw,1
d͡ʒvw,21
ʃfs,22
rwv,3
rwvl,1
ʒzv,9
wvm,7
ʃt͡ʃst,13
ʃwv,1
ʃwvʒ,1
ksj,10
zdgr,6
t͡ʃspʃ,10
st͡sp,10
st͡spʃ,2
mvɲ,6
wɣm,3
nzb,5
kft͡s,2
wzj,2
ɣʒr,9
ddw,15
ftt͡ʃ,1
xt͡sʃ,1
xt͡sʃk,1
t͡sʃk,1
xʃk,11
st͡ʃt,4
d͡ʒdʒ,1
d͡ʒdʒv,1
ŋtpl,33
dwm,2
nfl,26
ŋtt͡s,12
swd,5
pt͡sj,36
ngd,5
ngdz,1
pm,4
wspr,8
zws,2
gdzʒ,1
dzʒ,2
t͡ʃsw,7
swn,6
mfkr,2
tt͡ʃw,8
mxt͡s,3
ffst,5
ffstʃ,2
wlp,1
wlpr,1
lpr,4
lpʃ,11
zzvw,4
vɣw,9
rft,3
ʃstf,6
wfs,23
wfsp,8
ɲr,8
gwn,5
ʃsw,4
ɲd͡ʒzn,2
stfpr,2
tfpr,4
nbr,1
gdg,2
ɲt͡ʃj,7
lmz,3
ktn,3
ʃwz,2
gd͡ʒv,2
xff,6
d͡ʒbj,1
rʒv,8
nvj,2
zwb,1
zdd,77
lʃt,6
rkp,1
ʒɲp,1
ʃt͡ʃʃ,20
gdɣ,1
gdɣr,1
dɣr,5
ɣzbr,2
stfpʃ,2
tfpʃ,4
ʃt͡ʃt͡ʃw,2
t͡ʃt͡ʃw,4
gdb,6
fʃk,36
stmɲ,4
kfpr,2
stpr,33
t͡ʃkl,4
ft͡sm,1
wʃp,2
ntn,25
kstʃ,1
mgɲ,3
nɣr,1
dvd,16
kstf,5
stʃm,5
fskw,8
ɣzvr,3
ppl,3
ksm,4
d͡zʒv,4
ɲd,14
fskʃ,3
ʃft,18
ɲd͡ʒʒ,4
npr,21
rɣj,4
kmr,2
ʃpsk,1
ɲzd,8
ɲzdr,3
wʒv,14
ʒgw,10
vvg,5
dzw,12
nsm,6
stʃl,3
vvzɣ,2
rpɲ,20
ŋtt,11
stst,13
ststr,3
rskn,2
mʃp,5
ŋdʒv,4
ŋdʒvr,1
dʒvr,1
ʒdv,9
ʒdvd,1
ʒdvdv,1
dvdv,2
vdv,16
zwɲ,2
rɲp,1
stfs,15
stfst,6
mdɲ,9
mpt,4
mfst,7
rɣv,2
zdvj,1
dvj,2
dmw,8
wkp,1
wkpʃ,1
kfpw,1
stʃp,2
stʃpr,1
tʃpr,1
rʃk,2
ffm,2
nzr,4
lmp,1
wzbl,3
wʃm,3
st͡sk,2
mʃt͡s,2
rkn,10
xspʃ,7
d͡ʒl,1
wvw,14
rt͡ʃj,1
stkf,1
ntt,12
ɲsp,3
mfsf,4
rmn,1
rkf,2
llb,3
wzv,17
ʃt͡ʃpl,4
rts,11
rtst͡s,1
ʒd͡ʒg,8
vvʒ,3
wft,20
st͡sr,1
ŋkk,16
sft͡ʃ,4
mgv,6
lpj,1
ɣvd,5
rzb,10
rvb,2
ggd,12
ɲzg,1
ɲzgg,1
ɲzggd,1
zgg,3
zggd,1
zmd͡ʒ,3
wfkʃ,1
wfkʃt,1
ŋd͡ʒ,5
xfpr,8
rft͡ʃ,3
rʃt,14
ʒvdw,2
lbɣ,2
lbɣv,1
bɣv,1
ndb,17
ɣvgr,3
ɲt͡ʃn,16
mvw,21
trg,2
trgr,2
rtfʃ,2
nsf,11
zdbʒ,1
ʃskr,1
ɣvzb,1
t͡skl,3
ʒdɲ,4
ʃfsp,10
ntrr,1
trr,2
rvz,8
d͡ʒvj,5
mmw,4
stʃn,2
gdl,11
mgd͡ʒ,10
vmɲ,4
stt͡ʃ,23
ptw,1
nw,1
nt͡ʃw,3
mmr,2
d͡ʒzd͡ʒ,4
ktk,3
ktkr,1
mvb,7
dvn,4
mmɲ,9
lps,1
rʃp,3
stsp,15
stspr,4
mskr,5
zvʒ,4
snk,4
wvʒv,1
rkʃ,5
rt͡sk,5
mst͡s,2
t͡ʃtʃ,5
ɣzl,2
rsf,4
gɣv,1
ssf,7
ssfr,1
t͡sspr,4
sʃm,1
t͡ʃss,3
gzw,3
dɣm,3
fsm,2
rlb,1
kkr,8
fst͡s,9
rzɣ,4
bwk,3
zgm,6
ʃt͡ʃkr,4
mzgr,3
ffl,1
ɲvʒ,1
ʃfpw,1
rkr,1
ɲɣw,2
ŋt͡ssp,9
mzbr,1
lbr,2
ŋdrn,2
drn,2
nkl,20
ŋdz,13
ɲzdv,4
ɲzdvd,3
ɲzdvdv,1
zdvd,10
zdvdv,1
ʃspr,8
ft͡ʃt͡ʃ,6
nfpr,1
stkr,4
ŋtsk,2
ntm,12
dd͡ʒv,2
zzn,8
ŋtsp,1
t͡ʃft,20
t͡ʃfpʃ,9
ɲt͡ʃpr,4
d͡ʒzl,2
vd͡ʒv,6
vdɲ,13
stt͡ʃw,4
nkt͡ʃ,10
rwd,3
rwdr,1
wdr,12
ʒd͡ʒzm,5
d͡ʒzdr,1
d͡ʒɣm,2
ɲt͡ʃfʃ,1
dwp,10
dwpʃ,2
zdzn,8
dzn,15
zbʒ,6
gwz,10
gwzv,1
gwzvn,1
wzvn,1
ŋt͡ssf,9
t͡ʃfpr,8
nʃt͡ʃ,1
ɣdʒ,3
ɣdʒv,1
lɣv,1
ndvd,2
kʃk,3
vɣr,3
vɣrl,2
ɣrl,2
st͡ʃw,4
rps,2
rpsk,1
rzdr,6
trn,3
ʃx,8
ʃxt͡ʃ,6
ɲzv,4
ɲzvw,1
zvz,20
zvzb,1
zvzbr,1
vzbr,1
rtn,29
ʒd͡ʒzj,3
d͡ʒzj,5
nglj,3
glj,3
ftw,4
ɣɣv,3
wʃɲ,3
ŋkf,1
ŋkfʃ,1
vvzr,2
xkʃt,2
wdb,1
ɣgʒ,3
ɣgʒb,1
smp,2
smpr,1
ʒvw,4
mʒr,1
zgz,5
dwzv,2
rst͡s,3
wfsf,1
ntsm,1
tsm,4
zdzb,15
zdbr,5
d͡ʒvʒ,6
ŋtpr,5
ŋdj,7
ʃt͡ʃfpʃ,2
ɲt͡ʃsf,2
fss,2
t͡skn,2
wpw,5
dwzd͡ʒ,1
wzd͡ʒ,2
drv,5
t͡skr,5
ʃt͡ʃspr,5
ntx,1
ntxt͡ʃ,1
txt͡ʃ,1
ɲd͡ʒv,17
lkl,5
d͡ʒvv,5
mgʒ,3
rpp,1
ffp,11
ffpʃ,1
bbʒ,1
bbʒm,1
stʃr,3
strv,4
wvb,3
ɣdrg,2
rdʒ,2
rstfp,3
ldv,3
ŋdzd,1
xfʃk,1
bɣn,9
mdɣ,3
ɲpʃ,8
bgw,1
ɲt͡ʃpʃ,4
rwdw,1
wvɲ,4
mfpʃ,4
vvzd,1
vvzdw,1
ʃfpʃ,3
d͡ʒgr,4
stmw,2
tmw,3
ntsk,2
ndvɣ,1
dvɣ,5
ɣzɲ,6
wvd͡ʒ,1
mbɣ,2
mbɣr,2
bɣr,2
zdzbr,1
dzbr,1
ɣgv,2
rtp,9
rtpr,1
wsʃ,2
dzvm,1
zvm,1
rdv,6
ɣvl,4
ntt͡ʃ,3
rtfs,2
rtfsp,2
ʃfk,7
ʃfkr,4
nzj,3
mt͡sm,2
ɲskw,1
wdʒ,8
wdʒv,6
d͡ʒvzr,6
ŋt͡sʃp,3
t͡sʃp,3
ɲt͡ʃw,2
zmb,4
lʒ,14
rdd,4
kssp,1
ksspr,1
sspr,4
ŋt͡ssr,1
t͡ssr,1
wzɣ,2
zd͡zvm,1
d͡zvm,1
zdzɲ,3
dzɲ,8
lkp,1
ʒgʒ,4
ɣʒb,1
ɣʒbr,1
ʒbr,7
ppr,16
dgv,1
zmv,3
wfst,7
lgj,2
prl,2
kfsk,3
ksɲ,3
ʃtʃ,12
vvm,5
rspr,5
ɣzw,7
ʃfst,5
rdw,8
ɣvzw,1
ŋks,2
d͡ʒdrʒ,3
ŋt͡sft,8
t͡sft,8
ɲbr,1
ʃfʃ,15
ʃstr,8
zwp,2
ŋd͡zzg,2
d͡zzg,2
wbw,3
zvɣ,1
rdb,8
kspr,11
ŋt͡ʃp,4
xʃm,5
trk,11
trkʃ,1
kttk,1
ttk,1
rfr,1
xst͡s,5
ndj,22
t͡ʃʃr,2
dvɲ,5
d͡ʒzdw,1
swst,2
st͡spr,7
stft,16
sfk,1
sfkf,1
fkf,22
xt͡ʃt,2
sʃk,3
d͡ʒn,6
stkw,3
vgm,7
ʒd͡ʒbr,1
mspw,2
gvɣ,3
xfskw,2
tʃf,4
d͡zzbr,2
mskw,6
ɲsʃ,1
gwv,7
stsw,3
d͡ʒbʒ,3
d͡ʒbʒm,3
ʒʒv,8
dbɣ,1
sttr,6
pstʃ,4
vɣʒ,3
stʃt͡ʃ,2
ʒzb,7
wɣr,3
pʃr,1
lsn,1
zdʒb,1
zzvr,1
kmg,1
zɣn,3
ŋt͡stʃ,4
stsk,9
vvw,7
sspʃ,4
ʒmɲ,3
nstʃ,2
t͡ʃmɲ,12
kwz,7
kwzm,1
rvd,2
skk,3
ɲsw,1
trkf,1
mpstfp,1
pstfp,1
ɣvɣ,6
ksz,3
sz,3
ʒɣʒ,2
ltl,1
swt,2
wt͡ʃw,9
vʒw,1
ʒw,2
zdl,6
ft͡ʃw,42
ʃfstr,1
vvzɲ,1
ngg,2
nggɣ,1
ggɣ,1
strs,1
strst,1
trs,2
trst,1
msn,1
ʃfr,2
rbr,1
vzl,3
rks,7
ksv,4
sv,4
rt͡ʃt͡ʃ,6
ɲt͡ʃft,1
ddg,1
gws,9
bd͡ʒ,4
rt͡ʃp,1
ŋdɣ,2
wdz,1
mpsk,5
fst͡ʃ,4
ndzn,2
zwsp,1
rtw,2
wft͡s,2
mzw,5
gvl,2
nzg,6
nzgr,4
fʃkl,3
ktj,7
wssl,1
wsslt,1
ssl,2
sslt,1
slt,1
ɲzl,1
fftr,1
ʃsʃ,1
stst͡s,1
ʒd͡ʒvb,2
strp,1
strpr,1
trp,4
trpr,1
zmn,5
ptr,7
gzdr,1
ŋtf,6
ʒd͡ʒzn,1
t͡ʃkn,3
nzz,5
zzɲ,5
d͡ʒzʒ,2
wdl,3
bvz,1
bvzr,1
kst͡s,4
ɣns,7
ɣnst,1
nkk,5
ffr,4
dwv,7
dwvw,1
tt͡ʃt,5
mgd,1
zvzg,16
zvzgl,16
zddl,13
ddl,19
wfstr,3
ʃml,2
stfʃ,6
stfʃr,2
tfʃr,3
dɣl,3
stskl,1
tskl,1
vgl,6
nzbl,1
ŋdw,4
lʃr,1
ɲvz,4
ɲvzr,1
mtw,1
t͡ʃkf,4
lmm,1
nfʃ,8
ŋd͡zzv,4
d͡zzv,7
rbl,2
gzg,6
tskw,3
ŋt͡spr,10
ptn,1
wskr,7
ltp,2
dgʒ,4
dwpw,1
ʃsm,2
kxt͡ʃ,7
fsn,1
ktsp,2
ktspr,1
ɣvzv,2
wvzn,1
ʒzm,6
lgw,1
t͡ʃfkl,1
dwɲ,1
ɲt͡ʃspʃ,1
lʒb,2
zdɣr,3
t͡ʃtw,2
dwj,3
mfpw,1
wsfʃ,1
wsfʃt͡ʃ,1
sfʃt͡ʃ,2
ggw,8
tskr,2
skrv,3
gvɣr,1
ɲzɣ,2
nvɣ,1
ʒvɣ,1
nttʃ,2
ʒd͡ʒvz,5
ʒd͡ʒvzg,1
ʒd͡ʒvzgw,1
d͡ʒvzg,2
d͡ʒvzgw,1
vzgw,2
wmr,1
ŋt͡sft͡s,1
t͡sft͡s,1
nɣd,1
xkn,1
ssw,9
nnɲ,1
sttf,5
ʃɲm,1
mvj,1
mʃʃ,1
d͡ʒzw,7
ŋd͡zzn,3
d͡zzn,5
nʃt,3
pspw,1
d͡ʒzg,5
ɣzɣr,1
lw,1
st͡sn,2
ktst,1
dzg,9
mtrv,2
ɣvn,6
ŋd͡zzd,2
d͡zzd,3
mfpr,5
d͡ʒvd͡ʒ,3
fsfʃ,1
wvgw,3
ʒvm,8
ɣʒv,19
sfspr,3
vzvr,1
t͡skt,3
zwn,1
kwb,1
ɲd͡ʒzw,2
ɲl,5
ntɲ,11
lvm,1
ssr,1
dwr,1
tkɲ,11
mskʃ,3
zdzd,5
mbʒm,1
mvzg,9
mvzgl,9
ʒzw,5
ɲɲ,7
ʃfʃt,1
d͡zdl,3
rfpr,5
mvʒ,6
stkʃ,2
ɲʃt͡ʃ,3
ɣd͡z,2
ɣd͡zv,2
ɣɣm,2
gzvr,2
t͡sx,1
t͡sxt͡ʃ,1
mt͡ʃt͡ʃ,1
ʃɲp,1
ʃɲpr,1
bvd,2
t͡stfɲ,1
tfɲ,1
xsf,6
nvz,2
nvzr,1
ktfp,1
ɣvɲ,9
dwft,1
pkt,1
dlt͡ʃ,1
xfpw,2
dwsp,3
ʒd͡ʒvv,2
ɲzdvz,1
ŋd͡zm,6
ʃkr,7
xtt͡ʃ,1
rwn,4
ɲd͡ʒdɲ,1
d͡ʒdɲ,2
zdvw,8
psf,2
vzbl,1
vrz,1
mpt͡ʃ,7
ʒzz,3
ŋd͡zr,1
d͡zr,1
lɲt͡ʃ,1
lɲt͡ʃt,1
mst͡ʃ,2
txp,4
spt,1
ʒd͡ʒbl,2
d͡ʒbl,4
pwt͡ʃ,8
lmsk,1
wspl,2
bzɣ,1
vɣl,1
d͡ʒzvr,2
ddɲ,6
ʒd͡ʒvw,2
ɣzʒ,1
tfkr,4
xftr,3
gwzr,1
d͡ʒɣv,4
tfʃp,1
xkt,4
ldr,4
lmd,3
rɣɣ,3
wzbr,1
ŋtx,2
ŋtxt͡s,2
txt͡s,3
mfr,9
mzl,7
nzl,2
pkʃ,1
d͡ʒɲ,3
pspr,2
zdd͡ʒ,7
mvzb,1
d͡ʒbv,1
ɣrv,1
lfp,2
rvzɲ,1
nft͡s,2
zdzr,2
dvl,2
brɲ,1
zdgw,4
rdɣz,1
dɣz,4
lfr,5
zwr,1
ffʃ,5
ffʃt͡ʃ,1
zdgd͡ʒ,1
dgd͡ʒ,1
ɣgm,3
ɣvʒv,2
wbl,4
mfskr,1
fskr,7
dgd,7
rzbr,2
rgw,1
ʒbj,1
ffspr,3
fstf,25
d͡ʒvg,3
d͡ʒvgw,1
lgz,2
mdrʒ,1
rzg,2
rzgr,1
dvv,10
t͡sfsw,3
ʒdl,10
fkn,1
tstʃ,6
rkt,4
ʃskw,4
trkl,1
rkl,2
wkf,1
gvd͡ʒ,1
ŋt͡sʃt͡ʃ,2
t͡sʃt͡ʃ,2
vbʒ,7
kstfs,1
kstfsk,1
stfsk,1
tfsk,3
mpf,1
mpfp,1
mpfpʃ,1
pfp,3
pfpʃ,1
zdvʒ,5
mzd͡ʒ,1
mzd͡ʒv,1
rlt,1
rltt͡s,1
ltt͡s,1
ʒvg,2
ʒvgw,2
ŋd͡zzm,3
rt͡ʃt,2
ʃkt,6
ɲft,1
ɲftr,1
ŋt͡sfsp,2
rzr,4
pspʃ,1
gɣl,2
xfspr,4
mpwt͡ʃ,1
nzzɲ,1
ʃt͡ʃtr,2
rdr,1
fff,4
fffs,1
fffsp,1
mʃj,1
nzɣ,2
dwt͡ʃ,5
ʃt͡ʃfk,1
ʃt͡ʃfkr,1
t͡ʃfkr,4
nst͡ʃ,1
msfl,1
nt͡sl,3
gdzɲ,1
rksp,1
ntkr,2
ntkrv,1
tkrv,1
kstw,1
wtp,3
ʒdw,3
zdzj,1
ptʃ,2
t͡ʃx,9
ɣlp,1
ʃʃl,3
ʃt͡ʃʃt,2
t͡ʃʃt,2
nvn,2
gbʒ,1
nsps,1
rɣn,1
smw,1
rʃr,2
ʒmj,1
wkt,4
gwt,1
ʒvʒ,4
ntpr,3
mml,2
zgzl,1
ʒzʒ,1
ʒd͡ʒvɲ,2
zmg,1
ʒd͡ʒdv,1
nstf,1
ʃt͡ʃʃp,1
t͡ʃʃp,1
ɣgd,2
wvdʒ,1
zbʒm,2
rdzw,1
ʃʃm,3
rfs,3
rfsf,1
zdʒl,1
dʒl,1
xtw,3
ɣbʒ,2
ɣbʒm,1
sʃl,3
mzdr,6
sksw,1
rdn,3
ktkf,1
ndzg,1
xstʃ,2
swm,3
ŋdrt͡s,1
drt͡s,1
ɲd͡ʒvw,1
zɣl,4
vgn,1
xft͡s,4
zwf,1
zwft͡ʃ,1
t͡ʃʃt͡ʃ,11
mt͡ʃʃ,1
ŋt͡skr,2
mʃs,4
psl,1
kʃp,2
kwɣ,1
kwɣm,1
ʃtw,1
swf,7
swfʃ,1
dwfp,1
ŋttr,1
blj,2
bbr,4
lzm,3
stʃk,5
ʒd͡ʒzb,2
vzgɲ,1
nʒl,1
rmt͡s,1
ʃft͡s,3
ʃxt͡s,1
ʃtf,6
ʃpsp,4
skfr,1
kws,2
kwsf,1
llz,2
llzz,1
lzz,2
ndw,2
zms,2
zmsp,1
xʃs,1
xʃst,1
xʃstr,1
wgʒ,1
gdzg,1
gdzgr,1
dzgr,1
lmv,1
nt͡ʃʃ,1
nt͡ʃʃt͡ʃ,1
nsl,2
rmf,3
rmfl,1
d͡zgv,1
pst͡s,1
ʒd͡ʒvzr,1
ŋd͡zzr,4
xtt,3
xttp,3
ttp,5
nttr,1
nttrv,1
ttrv,2
nbw,2
mfsw,1
ltt͡ʃ,1
xfkr,1
zdvg,2
zdvgw,2
dvgw,2
t͡skf,1
t͡skfs,1
ntsf,1
mff,1
ŋd͡zbʒ,1
ŋd͡zbʒm,1
d͡zbʒ,1
d͡zbʒm,1
ŋtʃl,1
ngdv,2
zdgd,1
nskr,1
nkts,1
d͡zdr,1
mvg,5
mvgr,1
dwk,3
ʒd͡ʒvɣ,1
ʒd͡ʒvɣv,1
d͡ʒvɣ,2
d͡ʒvɣv,1
lgzd,1
pskr,4
gbw,2
ktpr,1
rzj,2
lt͡sn,1
ɲdr,2
t͡ʃtrv,1
mskf,1
rdg,2
d͡ʒvl,1
kfsw,1
bdd,1
bddʒ,1
rt͡ʃm,2
tsr,1
brk,1
ŋdd͡ʒ,2
mnp,1
skpʃ,1
kskw,1
ʒd͡ʒvʒ,2
ŋt͡ssʃ,1
t͡ssʃ,1
dvm,3
rwk,2
rskr,2
ldz,2
t͡ʃft͡ʃ,10
nɣm,1
zdvʒv,1
dvʒv,1
ŋtj,2
rmz,2
st͡sɲ,1
gzdv,2
mnz,1
mnzw,1
nzw,1
gwd,3
rwt,1
rwtr,1
rpn,2
ʒvv,5
ŋdvj,1
mkw,4
ʃt͡sl,1
ʃftr,3
gzbl,1
wtpl,1
nt͡ʃt,2
nkj,1
ɲtr,3
ʒd͡ʒvg,1
ʃpt,1
kwp,1
rskw,1
nzv,9
xʃl,3
ktrv,2
ntʃp,2
lfk,1
rtst,3
swb,1
skj,1
zlv,2
wvbr,1
ʃt͡ʃstr,2
mfkf,1
vzz,4
ʒd͡z,1
ʒd͡zv,1
rnp,1
rʃm,1
rwj,2
trsk,1
trskr,1
st͡sm,1
msʃ,1
bk,1
bkb,1
kb,1
rstr,2
rkst,2
wpl,5
ststʃ,1
ŋkkr,1
nzvd,1
zvd,2
stfk,5
lʃɲ,2
ŋgvz,1
ŋgvzb,1
gvz,6
gvzb,2
mpm,1
brz,2
xskw,3
ŋtʃp,2
stfkl,1
tfkl,1
nktp,3
ndzd͡ʒ,1
dzd͡ʒ,4
gvzr,1
znd,1
zɣz,1
nzvr,2
mvgd,1
nʃl,3
wvj,5
nst͡s,2
nst͡sj,1
st͡sj,1
ltt,2
zgb,2
ntrk,2
tfspr,1
wbɣ,2
ʃt͡ʃkʃ,1
t͡ʃkʃ,8
ɲstft,5
ɲstftʃ,5
stftʃ,5
tftʃ,5
ʃtrv,2
wsm,4
wsms,1
sms,3
wʃl,4
ɲd͡ʒzd,1
t͡ʃkt,1
ʒgn,1
ɣbz,1
sʃr,1
ʃt͡ʃskʃ,1
t͡ʃskʃ,1
fms,2
fmsf,2
ʃpl,3
zmt,2
zdzvr,1
dzvr,1
ŋtʃt͡ʃ,2
ŋtʃt͡ʃw,1
tʃt͡ʃw,1
lʃt͡ʃ,4
rt͡ʃk,3
zdvzr,1
dvzr,3
xfst,5
mvzɣ,3
rgv,3
ŋgr,4
wtj,1
zdzw,5
ŋtkl,1
ɲt͡ʃɲ,5
rdɲ,3
zmj,3
ntw,1
ŋt͡sfsw,1
fxt͡s,2
swfs,4
swfsp,4
swfspr,1
wfspr,1
trvg,1
trvgɲ,1
rvg,1
rvgɲ,1
vgɲ,3
bzm,3
zdn,2
mɣr,3
mzgz,1
ɲfst,1
ŋt͡sspr,3
ɣvzm,1
zdzm,3
dzm,10
ktt͡ʃ,2
lmzd,1
lmzdj,1
ndzw,1
gwsp,1
gwspr,1
ksl,2
xx,4
xxt͡s,2
ʃss,3
tmm,1
rfsp,1
ɲd͡ʒʒv,1
ʃt͡ʃspʃ,3
ʒvdv,1
mpstfn,1
pstfn,1
stfn,2
tfn,2
ggj,1
t͡str,5
ntf,9
ntfs,4
ntfsp,3
ɣd͡ʒv,4
ŋt͡str,1
kff,2
lts,3
ltsk,1
ltskʃ,1
tskʃ,2
dvbr,1
rwfk,2
rwfkr,1
ŋd͡zvw,1
d͡zvw,1
ŋt͡ʃpʃ,3
mʃf,1
rvj,4
rdvl,1
ɲt͡ʃft͡ʃ,3
vvzg,1
vvzgl,1
ʒvl,2
ntfʃ,1
rwpr,1
t͡ʃt͡ʃt͡ʃ,1
gwst,2
gbl,4
zmz,3
t͡ʃkw,2
ŋd͡zzbr,1
lmj,1
trt͡ʃ,1
rsn,1
fkt͡s,2
dgl,1
ʒdm,1
rwr,1
nfst,3
nfstʃ,1
ffsk,2
kpt,2
ŋtʃɲ,2
st͡st,1
kmw,1
wff,2
nsn,1
dwfʃ,1
dwfʃr,1
rtsm,1
rwvv,1
sʃt,1
rɣɲ,1
rtt,3
bvm,2
mfʃk,2
nkpʃ,4
plp,1
ʃt͡ʃfsp,1
t͡ʃfsp,6
nss,1
xskl,2
mzmɲ,4
gdzl,1
dzl,2
ftrv,2
lzɣ,3
lzɣr,1
rtkr,2
mzdvv,1
zdvv,3
d͡zgd,1
tsn,1
trw,1
ɲt͡ʃsk,2
tsmr,1
smr,1
d͡ʒvmw,1
vmw,2
vgʒ,2
rmd,2
nzd͡ʒ,1
ŋt͡sskl,1
t͡sskl,1
ŋt͡sfʃ,5
rwfkf,1
wfkf,1
ʒbv,2
ɣvzg,1
ɣvzgl,1
bzd,7
lkf,1
lkfp,1
nkfp,1
kʃl,1
mpp,3
xfstʃ,1
rmp,1
rwɲ,1
ʒzbl,1
kfkr,2
rpwn,1
pwn,1
ʒd͡ʒdr,1
ŋt͡sfpr,1
t͡sfpr,1
rff,1
wzvr,1
mt͡st͡s,2
ttl,4
stkt,3
ʃmw,1
ʒdʒ,2
kpʃt͡ʃ,1
llg,2
llgr,1
lgr,3
zddr,2
d͡ʒvʒv,2
ʃʃr,1
kfspr,2
ɲvr,3
ŋgʒ,2
nddl,2
t͡ʃfst,4
rmfs,1
rmfsp,1
ŋtlv,1
tlv,1
ndg,3
mkrv,1
rd͡ʒv,1
fprl,1
stkʃt,1
tkʃt,2
ʒzn,13
ɲt͡ʃr,3
gwɣ,2
gwɣv,1
wɣv,3
rfn,1
ntrv,2
stʃt,3
tʃt,8
t͡ʃff,2
ʒdr,4
gɣʒ,3
sss,1
zzw,2
ŋd͡zvgv,1
d͡zvgv,1
vgv,2
rdj,3
ɣzdj,3
d͡ʒgd,2
t͡ʃkrv,1
stkl,3
ŋtʃj,1
tʃj,1
mʃn,1
nnz,1
nnzb,1
nnzbr,1
nzbr,1
ŋd͡zd͡ʒ,2
d͡zd͡ʒ,3
gbɣ,1
d͡ʒr,1
zɣb,1
rvl,1
wfpw,2
ɣvɣv,1
ʒd͡ʒʒd͡ʒ,1
ʒd͡ʒʒd͡ʒb,1
ʒd͡ʒʒd͡ʒbw,1
d͡ʒʒd͡ʒ,1
d͡ʒʒd͡ʒb,1
d͡ʒʒd͡ʒbw,1
ʒd͡ʒbw,2
d͡ʒbw,2
lmb,1
nkpl,2
ŋdvd,1
fftf,1
mft͡s,1
nfʃp,1
ksd,1
sd,1
ŋgz,1
ŋgzɣ,1
krt,1
ɣlm,1
stfkr,1
zmvw,1
swdʒ,1
rtt͡ʃ,1
ŋdzm,1
tfl,3
kld,1
wlv,1
ʃt͡ʃsw,1
pfʃ,2
mbw,5
mfʃt,1
mbb,1
mbbr,1
llm,1
ɣml,1
ksr,2
gwzm,2
gwzmɲ,2
wzmɲ,2
bzʒ,1
ʒd͡ʒɣw,1
d͡ʒɣw,1
xtm,1
ɣʒd,1
tmn,1
nxt͡s,4
kʃɲ,1
ŋd͡zdʒ,1
ŋd͡zdʒv,1
d͡zdʒ,2
d͡zdʒv,1
ʒɣw,2
ffkt,1
ŋdʒg,1
dʒg,1
zvg,1
zvgr,1
stfstʃ,1
tfstʃ,3
ʃt͡ʃft͡ʃ,1
d͡zgɣ,2
kst͡ʃ,3
dwst,1
zdzg,3
wd͡ʒv,1
wt͡ʃt,2
ldzj,1
xstf,3
t͡ʃfstr,1
d͡ʒvzl,1
pxt͡ʃ,1
ŋd͡zbl,1
d͡zbl,1
gdzv,1
zwz,1
lvw,2
rʒvj,1
ʒvj,2
ptk,1
ptkf,1
rsfp,2
rsfpw,1
sfpw,1
wfl,1
zdrʒ,1
t͡ʃʃl,2
mzvl,1
rmv,2
dwtʃ,1
zdvm,1
ʒbd,1
ɲfʃ,2
lgʒ,2
rstft,1
rstftr,1
stftr,2
ssj,1
bdz,1
bdzd,1
rt͡ʃn,2
rɣr,1
ɲt͡ʃfk,1
mpt͡sj,2
gwj,5
npl,2
ɣrs,1
pt͡ʃw,1
lvb,1
ʒd͡ʒvzb,1
d͡ʒvzb,1
pkr,2
ndgw,1
ɲd͡ʒgʒ,1
d͡ʒgʒ,1
lzv,1
vzʒ,1
kwf,2
kwft͡ʃ,1
rls,1
rlsr,1
lsr,1
d͡ʒzɣ,1
d͡ʒzɣl,1
rws,2
rwst,1
rd͡ʒzw,1
dɣzɣ,1
vvzw,1
splv,1
plv,1
zzgr,1
mzvr,4
ntʃt,1
mdb,2
ŋkst,1
ŋkstr,1
ɣvm,1
ʒgd,3
ɲfsf,1
rkj,1
zdzd͡ʒ,2
ɲfk,2
stfsf,1
tfsf,2
lbl,1
ŋd͡zvzr,2
wfʃt͡ʃ,1
ɣvbw,1
rwm,1
ŋtʃk,1
tfkʃ,1
nʃk,1
ntt͡s,5
lkt,1
rmɣ,1
zmʒ,1
zmʒv,1
sx,5
wʃt,1
nkstr,1
ɲt͡ʃst,2
ksvj,1
svj,1
rwft͡ʃ,1
wzgr,1
lx,1
ndvz,1
ʃɲv,1
ʃɲvz,1
ʃɲvzd,1
ʃɲvzdw,1
ɲvzd,1
ɲvzdw,1
ʃɲn,1
rʒz,1
rʒzv,1
ʒd͡ʒzr,1
gwg,1
ʃmg,1
ʃmgw,1
nfsk,1
ɲt͡ʃpw,1
t͡ʃsm,1
ɣvdw,1
xfʃl,1
ʒd͡ʒgl,1
d͡ʒgl,2
plb,1
xpt,1
ŋt͡sskr,2
t͡sskr,3
tt͡ʃs,1
tt͡ʃsk,1
lmr,1
wvgɲ,1
ʃt͡ʃft,2
ɲvɲ,1
stpw,2
ɲfʃr,1
mtl,2
znvʒv,1
nvʒv,1
pps,2
ʃlj,1
gdzm,3
pʃt,2
rtpʃ,3
ʒvzg,1
ʒvzgl,1
kʃkx,1
kʃkxt,1
ʃkx,1
ʃkxt,1
kxt,2
ŋdvb,1
mʃsf,2
ktw,1
rpt͡s,3
rpt͡sj,2
rnn,1
zvɲ,4
ɲvw,1
t͡skt͡s,1
dvd͡ʒ,3
ʒɲɲ,1
wzz,3
ʒd͡ʒgr,1
rtm,5
ŋdʒb,3
tʃpʃ,1
dzz,3
dzzɣ,2
zzɣ,3
d͡ʒd͡ʒv,1
ʃfpr,2
stfsp,5
kln,1
ʒzgr,2
ŋt͡smɲ,2
t͡smɲ,2
stsʃ,1
tsʃ,1
ʃskl,1
gdzn,1
zdvzɣ,1
dvzɣ,1
ʃst͡ʃ,1
ʃst͡ʃw,1
ɲzm,1
mʃtf,1
wvzv,1
swsk,2
swskʃ,1
rmm,1
rtx,1
ftp,1
t͡sfr,2
gzvɲ,1
ŋt͡ʃj,1
t͡stfj,1
tfj,2
t͡ʃfr,1
nmw,1
zdvdr,2
dvdr,3
mzvw,1
dwfk,1
fstw,1
sskʃ,2
lls,1
wʃr,3
lpl,1
ɲzz,1
zvv,1
tspʃ,5
ɣlɣ,1
zmpʃ,1
xskr,3
zrʒ,1
zrʒɲ,1
rʒɲ,2
xfkf,1
ɣvbl,1
ɲd͡ʒj,4
zdvd͡ʒ,1
dd͡z,1
dd͡zv,1
mʃtr,1
ɲbl,2
wpɲ,1
ŋt͡sfsk,1
t͡sfsk,2
klm,1
npt,1
gwʃt͡ʃ,1
ldm,1
smsl,1
msl,2
ŋdrʒ,1
ŋdrʒɲ,1
drʒɲ,1
rbʒ,1
ldɣ,1
rvzm,1
nzdr,1
nzdrg,1
nzdrgn,1
zdrg,1
zdrgn,1
mspl,2
klt,1
llzd,1
lzd,2
rzdl,1
t͡ʃst͡s,2
lʃl,1
xtl,1
rfst,1
rfstʃ,1
ptt͡s,1
ldg,1
ldgr,1
t͡ʃfkf,1
ŋd͡zvl,1
d͡zvl,1
ŋd͡zɲ,1
d͡zɲ,1
ŋtʃm,1
mbv,5
mɣv,2
nbl,1
ŋdrɲ,1
drɲ,1
mgm,1
ktʃm,1
xkt͡ʃ,1
t͡sskʃ,2
ltss,1
tss,1
ʃt͡ʃʃr,1
ŋt͡sps,1
t͡sps,1
mvbr,1
znz,1
znzv,1
ktft͡ʃ,1
swfp,1
swfpr,1
rmw,1
nvzw,1
mʃsp,1
ld͡ʒ,2
ld͡ʒv,1
rpst,1
rpstp,1
rpstpʃ,1
pstp,1
pstpʃ,1
zdʒd,1
dʒd,1
ɲft͡ʃ,1
sxs,1
sxsp,1
sxspʃ,1
mʃkr,1
ʒd͡ʒgw,1
wkɲ,1
wml,1
nzbw,1
ŋd͡ʒɣ,3
ktsf,1
ʃt͡ʃff,1
rmɲ,1
ɲmw,1
ʃfpl,1
ŋd͡zd͡z,1
ŋd͡zd͡zb,1
d͡zd͡z,1
d͡zd͡zb,1
ɣvzr,3
t͡ʃstk,1
rmt͡ʃ,1
zmst,1
znvm,1
nvm,1
ɲstfs,1
zmf,1
zmfʃ,1
zmfʃr,1
mfʃr,2
pkl,1
ʃʃw,1
ʒzbr,1
ŋt͡sss,2
t͡sss,2
nɣl,1
nvw,1
gwvʒ,1
gwt͡ʃ,1
gwt͡ʃw,1
gvdv,1
rrm,1
lks,2
lkst,1
ndbl,1
tws,1
d͡ʒvzɣ,1
t͡ʃml,1
gwkt,1
mfkl,1
zdvb,2
nʃr,1
rttr,1
ŋd͡ʒz,1
zmɣ,2
t͡smʃ,1
bdl,1
ɣvd͡ʒ,3
ɣvd͡ʒv,1
ŋd͡ʒɣv,1
ggd͡ʒ,2
ɲkt,1
ŋd͡zbr,1
d͡zbr,3
rstfk,1
ltf,1
ʃspw,1
kwm,1
trpʃ,1
pkf,1
ʒbl,1
ɣdrv,1
gwsk,2
ssn,1
ldw,1
nvd,1
nvdr,1
kssf,1
bmw,1
ffpw,1
rzdv,3
rzdvv,1
rzv,3
ŋt͡sst͡s,1
t͡sst͡s,1
kwn,1
nspl,1
gwf,1
gwft,1
wskw,1
stʃkw,1
tʃkw,1
kwzɲ,1
tmp,1
spk,2
mpʃl,1
pʃl,1
d͡zdvv,1
d͡zdvvr,1
dvvr,1
ftk,2
nt͡st͡s,3
wps,1
stft͡ʃ,23
zgj,1
sskrv,1
zmzb,1
bzdr,2
vdɣ,1
gvv,1
d͡zzdr,1
ʃls,1
ʃlst,1
ʃlstf,1
lzzj,1
dwd͡ʒ,1
fps,2
t͡ʃʃk,3
t͡ʃʃkw,1
ŋt͡ʃl,1
ftɲ,1
ŋtkr,2
vvd͡ʒ,3
zmm,2
ʃtt,1
d͡ʒzdj,1
ɲt͡ʃtr,1
ŋt͡skl,1
ŋd͡zvgr,1
znpr,1
sft͡s,2
nd͡zl,1
mbd͡ʒ,1
rbw,1
stʃf,1
zmvg,1
zmvgw,1
mvgw,1
gzdj,2
ft͡ʃp,1
mʒdl,1
rt͡ʃʃ,2
stpl,1
rʃt͡ʃk,1
wstf,3
ɣnv,1
ffkw,1
ndbʒ,1
ndbʒm,1
dbʒm,1
ʃt͡ʃʃt͡ʃ,2
rdvz,1
rdvzr,1
ldb,1
rbɲ,1
ngzɣ,1
lmɣ,1
t͡skm,2
mzdɲ,1
xxt͡ʃ,2
swskr,1
rsfpr,1
wbʒ,1
wbʒd,1
bʒd,2
zwk,1
fskl,4
mvgɲ,1
sst͡ʃ,1
ʒɣr,2
lmzm,1
ntkʃ,1
kfskl,1
rʃɲ,1
nnv,1
rstfr,2
stfr,3
tfr,5
rwz,1
rwzd,1
rwzdɲ,1
wzdɲ,1
kt͡sr,1
skst͡ʃ,1
ksts,1
kstsk,1
bɣɲ,2
pʃk,1
tmz,1
tmzm,1
gɣm,1
krn,1
mbrn,1
lvɲ,1
ɲvv,3
rmt,1
rmtr,1
xkrv,1
lʒɲ,1
rvd͡ʒ,1
nmɲ,1
lʃp,1
kwzv,1
nggr,1
rdɣd,1
dɣd,1
mbvm,1
wvɣv,1
rwsm,1
ɲstfr,1
wfsk,1
wfskr,1
d͡ʒmɲ,1
ŋdʒvn,1
dʒvn,1
d͡ʒgv,1
zrd,1
rʃpʃ,1
ntskw,1
wst͡s,1
nftk,1
swɣ,1
rms,1
rmsp,1
ntfsk,1
ʃkn,1
rld,1
rldv,1
ŋt͡sft͡ʃ,1
fpwt͡ʃ,1
mʒl,1
lzmɲ,1
ʃt͡ʃmɲ,1
bgd,1
ʃfsw,1
ngzɲ,1
ldl,1
lfl,1
ʒvdr,1
dzgw,2
ŋtʃt,1
t͡ʃfʃt͡ʃ,2
zzl,1
ʃts,1
ʃtsp,1
ʃtspʃ,1
lfs,1
lfst,1
t͡stfp,1
zwt͡ʃ,1
ɲdl,1
t͡ʃsfr,1
t͡ʃt͡ʃʃ,1
ɲstft͡ʃ,22
ɲstft͡ʃw,22
stft͡ʃw,22
tft͡ʃw,22
bʒv,1
wts,1
wtsk,1
bɣm,1
sskl,1
rftr,1
ʒd͡ʒdɲ,1
nskw,2
xsʃ,1
md͡z,1
md͡zd,1
ksɣ,1
sɣ,1
ɲt͡ʃkp,1
t͡ʃkp,1
ldn,1
ɣdz,1
ɣdzɣ,1
kpwt͡ʃ,1
dwt͡s,1
vvɣ,1
rvɣ,1
sstf,1
ŋtʃf,2
ŋtʃfs,2
ŋtʃfsp,2
tʃfs,2
tʃfsp,2
wtʃp,1
d͡ʒgd͡ʒ,1
rzdvd,1
gzgv,1
rdbl,1
mfʃp,1
ntʃl,1
kftʃ,1
zk,1
ʒd͡ʒbɣ,1
ʒd͡ʒbɣj,1
d͡ʒbɣ,1
d͡ʒbɣj,1
bɣj,1
ŋt͡ʃt,1
rvmɲ,1
dwzg,1
ndm,1
lksp,1
lkspʃ,1
lvg,1
wt͡sl,1
rsl,1
fft͡s,3
rgɣ,1
rgl,1
ffkr,2
d͡ʒvbɣ,1
vbɣ,1
ngj,1
rmfp,1
rzvr,1
ŋt͡smw,1
t͡smw,1
ɲfp,1
ɲfpʃ,1
ndvdr,1
d͡zzvɲ,1
ɣdb,1
ptf,1
gzdb,1
bdv,3
ɲkr,1
ɲkrv,1
ttw,1
ndvʒ,1
dwvz,1
rgʒ,1
ɣmm,1
ntfr,1
ɲkl,1
d͡zj,2
ɣzdv,1
zmʃ,1
zmʃr,1
ʒbvd,1
ʒbvdr,1
bvdr,1
gzdvb,1
gzdvbʒ,1
gzdvbʒm,1
zdvbʒ,1
zdvbʒm,1
dvbʒ,1
dvbʒm,1
vbʒm,1
ktft,1
ɣnp,1
ɣnpl,1
ŋtft͡s,1
dwtr,1
wvgr,1
ʒd͡ʒzw,1
ɲvg,3
ɲvgw,1
ɲstfl,2
stfl,2
lzdv,1
lzdvd,1
rtsw,1
nfʃt͡ʃ,2
wfkl,1
ɲd͡ʒvd,1
ɲd͡ʒvdɲ,1
d͡ʒvdɲ,1
mt͡st͡sr,1
t͡st͡sr,1
rzdvɣ,1
zdvɣ,2
xftʃ,1
vvzn,1
mvd͡ʒ,1
rmʃ,1
rmʃr,1
kstfp,1
nzgw,1
vvd,2
ksn,1
mbvb,1
bvb,1
zdzgw,1
vʒr,1
ffpr,2
stfm,2
stfmw,1
tfm,2
tfmw,1
fmw,1
sxt,1
ld͡z,1
rstfm,1
ssʃ,1
stftf,1
tftf,1
t͡sskf,1
mfstʃ,1
d͡zɣʒ,1
swz,1
swzd,1
swzdj,1
wzdj,1
t͡ʃtl,1
bzv,1
bzvr,1
mzzɣ,1
ttpʃ,1
tfkf,1
gvmɲ,1
ʒd͡ʒvzm,1
d͡ʒvzm,1
d͡ʒvdr,2
ʒdʒv,1
rzz,1
nʒb,1
ŋt͡sskʃ,1
dwzz,1
ŋdvɣ,1
vvl,1
ŋdvv,2
ʒzvr,1
t͡skst,1
gvzn,1
ngɲ,1
rtstf,1
tstf,2
t͡ʃftf,1
ɣzd͡ʒ,1
ststf,1
ʃt͡ʃspw,1
t͡ʃspw,1
ʃt͡ʃfpr,1
bjj,1
ddb,1
ddbw,1
dbw,1
ɲpw,1
t͡stl,1
rfkr,1
nbʒ,1
t͡sspʃ,1
sxt͡s,1
ŋtfs,1
ŋtfsp,1
ŋt͡sfkw,1
t͡sfkw,1
smpʃ,1
kfstʃ,1
wbɣɲ,1
rdd͡ʒ,1
kstt,1
ɲd͡ʒvj,1
mvdr,1
zmt͡ʃ,1
zmt͡ʃw,1
ŋtsf,1
ɲstfn,1
ffstr,1
ʃt͡ʃʃk,1
tt͡sl,1
ndɣr,1
ʒvzm,1
ɲvn,1
xpʃt͡ʃ,1
ptrv,1
ŋdvw,2
ggv,2
vɣm,1
kʃr,1
dɣb,1
kwl,1
ɲt͡ʃtf,1
wzʒ,1
rgz,1
rgzn,1
rbj,3
zdvɣw,1
dvɣw,1
kstp,1
gɣr,1
sfpʃ,1
ʒd͡ʒvdw,1
d͡ʒvdw,1
ʃsn,1
t͡ʃfsk,1
rɣl,1
ɲss,1
nksp,1
mvdɲ,1
ʃfsk,1
ɲvgl,1
ɲd͡ʒɲ,1
rmk,1
strʒ,1
trʒ,1
sfm,1
ldj,1
ffstf,1
rstfj,1
stfj,1
nnj,1
gwvr,1
wftf,1
ʃlp,1
ʃlpʃ,1
mvmd,1
mvmdw,1
vmd,1
vmdw,1
kstj,1
ɲt͡ʃfp,1
ɲt͡ʃfpr,1
zdzmɲ,1
dzmɲ,1
vmgɲ,1
rmvr,1
dwzn,1
zdvn,1
ʃt͡ʃps,1
ŋdgr,1
wzwp,1
wzwpʃ,1
zwpʃ,1
rpʃt͡ʃ,1
