cluster,occurences_en,length
fl,304,2
ms,198,2
msm,7,3
sm,414,2
tl,514,2
gr,797,2
vd,230,2
kt,986,2
gz,201,2
nd,4591,2
ndð,357,3
dð,898,2
nt͡s,241,2
nt͡sm,7,3
t͡sm,46,2
lt͡ʃ,51,2
nw,586,2
sl,300,2
tð,1127,2
vð,729,2
tr,1753,2
st,4599,2
ns,1641,2
sk,889,2
zn,376,2
kt͡ʃ,115,2
sð,199,2
ls,423,2
lst,77,3
dp,230,2
nz,1010,2
nð,1307,2
fj,230,2
ŋk,665,2
lh,189,2
vn,102,2
nm,338,2
lf,295,2
nt,3873,2
mg,83,2
ŋt,405,2
mw,196,2
tk,402,2
mm,60,2
tn,314,2
vg,110,2
sf,213,2
sfr,24,3
fr,789,2
mð,201,2
ntp,40,3
ntpl,9,4
tp,275,2
tpl,45,3
pl,947,2
lb,279,2
tt,820,2
zh,412,2
ŋθ,63,2
ŋθr,32,3
θr,356,2
ps,249,2
nj,571,2
pð,101,2
nl,377,2
nt͡ʃ,170,2
t͡sb,40,2
t͡sbr,5,3
br,515,2
kl,634,2
vdl,1,3
dl,307,2
stw,107,3
tw,1163,2
ln,109,2
ng,122,2
dm,363,2
nsð,21,3
nzh,45,3
fd,8,2
zt,381,2
td,471,2
dr,736,2
ndd,92,3
nddr,17,4
dd,200,2
ddr,31,3
ŋz,270,2
sp,891,2
zp,270,2
lj,189,2
tf,477,2
nv,153,2
vr,277,2
nk,393,2
dh,425,2
bs,71,2
lð,269,2
td͡ʒ,58,2
nd͡ʒ,372,2
stt,129,3
nh,401,2
zm,281,2
nf,436,2
nfl,39,3
stl,57,3
nds,227,3
ds,505,2
tj,440,2
nθ,95,2
zb,342,2
t͡sf,51,2
lt,483,2
lth,4,3
th,577,2
ndh,178,3
nb,305,2
sh,104,2
ntt,226,3
dpr,50,3
pr,928,2
ntl,129,3
ŋm,157,2
vw,120,2
mp,710,2
ks,1381,2
fn,11,2
ndz,22,3
ndzf,3,4
dz,85,2
dzf,7,3
zf,329,2
md,166,2
ss,169,2
ssm,2,3
ðz,21,2
ðzð,2,3
zð,533,2
vl,99,2
ntr,224,3
nzb,36,3
bd͡ʒ,21,2
vh,145,2
df,336,2
dfr,60,3
ndm,109,3
stm,63,3
tm,518,2
ŋt͡ʃ,25,2
ts,1013,2
vj,215,2
ksk,29,3
kskj,8,4
skj,23,3
kj,236,2
mz,393,2
mzn,6,3
fk,20,2
db,510,2
mb,299,2
bl,555,2
kn,56,2
ðp,28,2
vgr,15,3
ndk,116,3
ndkr,15,4
dk,252,2
dkr,29,3
kr,683,2
nsw,29,3
sw,419,2
ŋb,161,2
dt,713,2
dd͡ʒ,53,2
ld,1371,2
ldj,30,3
dj,433,2
np,237,2
ft,388,2
lr,159,2
ltd,2,3
sb,133,2
nbr,33,3
ntw,110,3
t͡ʃð,29,2
st͡s,113,2
st͡sb,4,3
ŋs,159,2
gn,67,2
nst,358,3
t͡sw,97,2
lθ,69,2
kð,197,2
zʃ,107,2
vm,224,2
mf,125,2
stb,70,3
tb,500,2
sg,61,2
zd,480,2
zdt,62,3
zw,474,2
ðθ,4,2
vz,162,2
vb,147,2
mfr,29,3
nd͡z,229,2
ŋg,287,2
ŋgl,61,3
gl,179,2
ʃm,50,2
nkl,61,3
fð,55,2
tsl,25,3
skt,91,3
sr,71,2
nzp,33,3
kw,492,2
lθr,15,3
kʃ,197,2
tsp,40,3
tspl,2,4
spl,84,3
ldf,29,3
ndp,118,3
ndpr,21,4
ðf,17,2
vp,158,2
vpr,17,3
sktð,20,4
ktð,48,3
ŋj,48,2
θw,21,2
ðt͡ʃ,10,2
ll,100,2
ldt,27,3
ndf,116,3
ndfj,2,4
dfj,3,3
ldr,128,3
ðt,27,2
nʃ,194,2
t͡ss,56,2
dw,595,2
ðpl,4,3
zr,198,2
znj,14,3
ndb,136,3
ŋd,102,2
ŋr,66,2
mr,41,2
str,583,3
kb,81,2
ldm,84,3
ftθ,1,3
ftθr,1,4
tθ,100,2
tθr,29,3
d͡ʒh,14,2
mt,198,2
zg,176,2
ldh,48,3
ntn,97,3
md͡ʒ,20,2
stf,64,3
ndt,159,3
t͡ʃt,102,2
nfr,116,3
mh,89,2
mdt,27,3
ndj,85,3
nbl,32,3
psl,4,3
ntð,62,3
lm,257,2
kss,20,3
kssp,4,4
ssp,20,3
dst,99,3
bt,9,2
mθ,145,2
ŋbr,8,3
zt͡ʃ,36,2
ðs,53,2
sd,74,2
ltf,8,3
tsð,35,3
vt,190,2
ntb,99,3
d͡zj,4,2
dn,229,2
ndr,159,3
t͡ʃm,27,2
bz,71,2
ndl,104,3
dzk,4,3
zk,306,2
lw,401,2
ksl,24,3
vk,125,2
nkw,19,3
dv,78,2
d͡ʒt,28,2
mpl,109,3
lk,334,2
ftw,15,3
ktm,17,3
kt͡s,47,2
lʃ,33,2
dsp,33,3
mpr,68,3
spr,78,3
lp,255,2
skw,34,3
nkr,50,3
ktt,17,3
pt,373,2
sth,65,3
ntj,102,3
mk,68,2
tt͡ʃ,36,2
zs,449,2
ðð,138,2
tfr,65,3
ŋð,353,2
nzj,10,3
zj,146,2
ntf,81,3
tg,187,2
t͡st,70,2
dkw,13,3
t͡ssn,1,3
sn,166,2
pw,65,2
mst,23,3
θð,7,2
tʃ,139,2
dʃ,95,2
tsm,12,3
ŋkʃ,36,3
t͡ʃw,46,2
lds,30,3
ldsm,1,4
dsm,14,3
lz,572,2
lfl,6,3
ŋw,211,2
nr,187,2
ndw,249,3
tgr,31,3
ssk,9,3
nth,100,3
nn,124,2
stk,60,3
lzl,11,3
zl,255,2
ŋgr,34,3
ŋh,130,2
gj,34,2
vzg,2,3
dpl,43,3
nd͡zh,9,3
d͡zh,21,2
ndsl,6,4
dsl,9,3
ktl,49,3
mj,157,2
kf,107,2
nstl,1,4
ndg,58,3
ndgr,15,4
dg,120,2
dgr,26,3
npr,32,3
ldð,67,3
lv,110,2
skl,24,3
ŋsk,13,3
dls,1,3
ksm,27,3
vs,181,2
stʃ,11,3
pst,29,3
ndbl,33,4
dbl,41,3
skr,109,3
bw,22,2
t͡sg,30,2
kd͡ʒ,20,2
ndʃ,34,3
zst,106,3
ŋst,27,3
mʃ,22,2
nsk,42,3
nskl,3,4
d͡zd,5,2
d͡zdr,1,3
pf,48,2
vsl,7,3
zdf,13,3
rh,1,2
nts,130,3
dkl,20,3
ndzw,5,4
dzw,8,3
nzn,23,3
t͡ʃh,18,2
zd͡ʒ,77,2
zkr,27,3
mbl,9,3
ʃj,13,2
tsr,13,3
sts,115,3
stst,25,4
tst,126,3
lzn,8,3
ŋl,86,2
ŋgw,45,3
gw,66,2
mzz,1,3
zz,2,2
ŋkj,35,3
zsp,31,3
zspr,3,4
ðj,38,2
ŋp,114,2
lzw,45,3
mzf,15,3
bd,16,2
bdl,1,3
stn,41,3
sʃ,25,2
ztr,48,3
kth,12,3
vf,83,2
tkl,37,3
bzl,2,3
stg,30,3
stgl,1,4
tgl,13,3
tv,44,2
t͡ʃtð,18,3
ksp,172,3
ktj,6,3
ʃt,86,2
ndkl,13,4
ntbr,5,4
tbr,28,3
t͡sd,46,2
θt͡ʃ,4,2
ksg,10,3
t͡sð,89,2
stp,75,3
lg,128,2
lpj,11,3
pj,119,2
ðd,28,2
tkr,25,3
kt͡sθ,1,3
kt͡sθr,1,4
t͡sθ,5,2
t͡sθr,5,3
ldw,69,3
t͡ʃl,17,2
nzd,25,3
nzdr,1,4
zdr,35,3
mzw,21,3
vnj,8,3
ðm,51,2
ml,78,2
kst͡s,4,3
ðb,41,2
sj,99,2
zkl,40,3
nstb,2,4
ŋf,172,2
ŋfr,35,3
tsʃ,2,3
psm,4,3
d͡zt,26,2
bh,4,2
ltð,9,3
stfj,5,4
tfj,9,3
nstr,99,4
lzd,10,3
lvd,23,3
ndθ,16,3
ndθr,8,4
dθ,66,2
dθr,31,3
dnj,6,3
lzf,20,3
ktf,8,3
ktfr,4,4
ŋzð,15,3
t͡ʃb,25,2
lzð,10,3
kst,244,3
kstr,29,4
ft͡s,12,2
ndd͡ʒ,28,3
pb,20,2
kp,55,2
ntk,65,3
ntkl,6,4
nzl,29,3
tsn,26,3
ltm,5,3
km,78,2
dzθ,1,3
zθ,55,2
nss,10,3
nssp,1,4
pbl,3,3
ndpl,29,4
vv,10,2
ksw,35,3
ndtw,3,4
dtw,6,3
d͡ʒw,26,2
ltt,10,3
zfl,15,3
gm,7,2
t͡ʃk,18,2
kk,89,2
ngr,30,3
vʃ,16,2
sktm,8,4
pʃ,31,2
t͡ʃp,15,2
t͡sk,53,2
t͡skr,4,3
ðk,24,2
nzg,19,3
zpr,45,3
fkw,1,3
ftð,11,3
stθ,27,3
ktw,22,3
ksð,23,3
kst͡ʃ,11,3
st͡ʃ,76,2
ldb,30,3
nzð,37,3
tsv,5,3
sv,28,2
mzt,22,3
d͡ʒp,17,2
pn,14,2
lzh,22,3
ndfr,16,4
ntm,71,3
vkl,13,3
zfr,51,3
tsf,14,3
tdr,38,3
zkw,24,3
t͡sst,19,3
t͡sstr,3,4
ldk,33,3
ŋks,77,3
ŋkst,11,4
ʃtp,3,3
nsf,29,3
nsfl,2,4
sfl,9,3
ksh,16,3
tsk,32,3
tskr,4,4
mzr,7,3
ŋkt͡s,1,3
kspl,42,4
zsk,17,3
nskr,10,4
st͡sp,2,3
t͡sp,32,2
ŋmj,4,3
std,55,3
stdr,9,4
bsk,7,3
bskj,4,4
vzt,11,3
vztr,1,4
ʃw,12,2
nhj,5,3
hj,39,2
ndsw,8,4
dsw,15,3
stmj,1,4
tmj,7,3
gh,11,2
vdf,4,3
vdfr,3,4
gzt,4,3
ðw,31,2
nsm,36,3
dzn,4,3
nsl,15,3
nt͡sl,5,3
t͡sl,28,2
stθr,9,4
ttr,59,3
nt͡ss,6,3
nt͡ssp,1,4
nt͡sspr,1,5
t͡ssp,4,3
t͡sspr,1,4
vθ,31,2
ntsh,1,4
tsh,7,3
lθt,1,3
θt,19,2
nstf,5,4
kh,92,2
nzt,39,3
ltl,2,3
zdð,22,3
kbr,6,3
t͡ʃtr,4,3
ndfl,9,4
dfl,14,3
ftt,11,3
mzl,7,3
ftm,5,3
nzd͡ʒ,9,3
nztr,4,4
sks,14,3
sksw,3,4
pd,10,2
mzʃ,3,3
nsp,60,3
nspl,3,4
ntg,49,3
zpl,63,3
lkr,14,3
ttw,5,3
t͡sfl,5,3
vzk,4,3
vzkr,1,4
sθ,24,2
nzf,26,3
nd͡zn,7,3
d͡zn,15,2
ld͡ʒ,47,2
fw,35,2
lpt,16,3
t͡sn,53,2
d͡zb,22,2
ðbl,13,3
nt͡ʃn,1,3
t͡ʃn,4,2
kstt,40,4
nd͡zw,14,3
d͡zw,34,2
ŋksh,2,4
ptð,24,3
pt͡ʃ,12,2
θf,10,2
θfr,1,3
psw,11,3
ff,15,2
ntd͡ʒ,5,3
ŋkf,7,3
ŋkfr,1,4
kfr,22,3
lfr,30,3
θb,13,2
θbr,3,3
ŋtr,18,3
d͡zm,15,2
θs,54,2
θsp,5,3
ntgl,1,4
vzw,6,3
d͡ʒd,72,2
d͡ʒdt,8,3
t͡ʃʃ,3,2
ktθ,2,3
ktθr,1,4
gd͡ʒ,7,2
sgr,12,3
t͡sʃ,11,2
ntpr,8,4
tpr,48,3
ŋksf,5,4
ksf,27,3
zdfr,1,4
nd͡ʒk,10,3
d͡ʒk,22,2
nzw,70,3
ðst,7,3
ðstr,3,4
vd͡ʒ,20,2
zt͡s,1,2
zgr,36,3
kkl,12,3
lsr,2,3
ldp,22,3
nzr,17,3
psn,1,3
dspr,5,4
t͡ʃf,27,2
t͡sj,16,2
ldʃ,4,3
d͡zp,5,2
ktk,13,3
ktkw,5,4
tkw,27,3
ʃtt,3,3
zθr,27,3
mn,79,2
d͡zg,6,2
nsb,12,3
ndst,46,4
ʃk,8,2
bdð,2,3
lkw,9,3
nt͡ʃt,10,3
ndstr,9,5
dstr,19,4
nt͡sp,5,3
npl,54,3
ðh,41,2
ðsk,3,3
lpt͡ʃ,4,3
kθ,16,2
kθr,9,3
nt͡sh,6,3
t͡sh,37,2
tsw,34,3
nd͡ʒd,34,3
nd͡ʒdd,1,4
d͡ʒdd,1,3
pθ,8,2
pθk,1,3
pθkj,1,4
θk,15,2
θkj,1,3
vhj,3,3
lbr,13,3
vtr,19,3
stfr,11,4
ksd,15,3
lpr,27,3
vbr,9,3
θd,27,2
ksn,11,3
t͡sr,23,2
ntd,60,3
vsw,3,3
dzd,2,3
fʃ,7,2
fg,11,2
fgr,1,3
ŋʃ,13,2
lpl,46,3
fs,62,2
mzh,8,3
bv,5,2
nt͡sw,14,3
ltr,22,3
mtr,17,3
stpl,9,4
ksʃ,3,3
ŋzf,8,3
ŋzfr,3,4
mkr,5,3
ndkw,3,4
ndn,54,3
mdl,2,3
ʃb,2,2
lt͡s,30,2
lt͡sg,2,3
ddj,9,3
nd͡zf,10,3
d͡zf,19,2
knj,2,3
vpl,10,3
stsm,1,4
lvz,27,3
ltn,2,3
ftb,6,3
t͡spr,11,3
sst,35,3
lstr,8,4
d͡zð,30,2
nzz,1,3
ldl,18,3
t͡str,7,3
nd͡ʒn,1,3
d͡ʒn,2,2
nθp,1,3
nθpr,1,4
θp,7,2
θpr,3,3
vbl,10,3
nd͡zb,6,3
nzk,29,3
ðn,12,2
msk,8,3
nt͡ʃð,1,3
kd,65,2
sstr,6,4
sktw,2,4
stð,86,3
mpt,62,3
ʃl,12,2
ndsk,18,4
ndskr,3,5
dsk,26,3
dskr,4,4
mdw,2,3
nsj,20,3
nθs,20,3
lvzf,1,4
vzf,5,3
ðdr,5,3
ptd,5,3
ptdr,2,4
lsp,14,3
zdb,10,3
ftʃ,4,3
kts,15,3
ktsl,2,4
d͡ʒθ,5,2
d͡ʒθr,1,3
lks,4,3
lksw,1,4
ptw,11,3
ŋzm,5,3
vdð,20,3
mds,5,3
ndtr,26,4
dtr,45,3
ŋkw,22,3
ðtr,6,3
nzv,6,3
zv,51,2
ktr,30,3
ldpl,4,4
nd͡ʒd͡ʒ,2,3
d͡ʒd͡ʒ,2,2
dgl,9,3
ŋkm,5,3
ŋpr,18,3
nt͡ʃk,3,3
nt͡ʃkw,1,4
t͡ʃkw,1,3
t͡sdj,3,3
stv,8,3
lgr,14,3
psʃ,5,3
θh,14,2
vst,38,3
vstj,1,4
stj,73,3
ŋkð,19,3
lfw,6,3
ftd͡ʒ,1,3
ðfl,2,3
lθk,3,3
mzfr,5,4
ŋzs,5,3
nsn,6,3
ðkr,1,3
ldd,18,3
nstð,10,4
t͡ssk,3,3
ndzt,2,4
dzt,5,3
lsk,14,3
lfs,3,3
lfsp,2,4
fsp,4,3
bj,65,2
ŋθs,1,3
nd͡ʒdw,3,4
d͡ʒdw,5,3
mdv,1,3
t͡ʃθ,3,2
zdj,11,3
ŋksð,3,4
vbj,1,3
nt͡st,14,3
bzk,1,3
nt͡sb,4,3
ndbr,14,4
dbr,22,3
pdr,2,3
kkr,9,3
fkl,3,3
lzs,20,3
lzsk,3,4
ŋkh,10,3
stbj,4,4
tbj,4,3
ptv,1,3
t͡ʃr,4,2
t͡ʃtm,2,3
skð,4,3
lzg,6,3
sktt,1,4
stsp,6,4
ŋkr,24,3
pt͡s,10,2
lvθ,4,3
t͡ʃt͡ʃ,3,2
tss,22,3
tsst,4,4
nzpr,6,4
zbl,21,3
ntgr,8,4
spw,1,3
lpm,17,3
pm,58,2
tskw,5,4
gt,14,2
ðr,11,2
fspr,1,4
ðsp,7,3
tdj,9,3
ŋd͡ʒ,17,2
ltw,10,3
ltd͡ʒ,1,3
ntsn,1,4
tsj,7,3
pg,7,2
nt͡ʃp,1,3
kg,47,2
kgl,2,3
vzj,5,3
pts,7,3
mkl,6,3
mdh,5,3
ndsm,13,4
mptt,4,4
ptt,11,3
ph,23,2
mpj,36,3
ŋhj,1,3
gp,13,2
gpr,4,3
spj,6,3
dztr,1,4
nd͡ʒl,6,3
d͡ʒl,14,2
mdm,3,3
d͡ʒf,29,2
lfh,2,3
fh,25,2
fp,8,2
pv,2,2
zdl,2,3
gzk,3,3
t͡sd͡ʒ,13,2
d͡ʒm,17,2
ntʃ,15,3
nzs,46,3
nstm,2,4
dt͡ʃ,39,2
t͡ʃs,15,2
nzm,22,3
ntst,24,4
ltfr,3,4
stsk,2,4
ʃr,19,2
bzs,3,3
bzst,1,4
lsw,7,3
ŋdr,11,3
ldt͡ʃ,3,3
bst,16,3
nt͡ʃj,1,3
t͡ʃj,10,2
d͡zs,19,2
lsn,4,3
gd,19,2
gdm,1,3
nzsp,1,4
dpj,1,3
zhj,3,3
pk,23,2
ndzp,4,4
ndzpl,3,5
dzp,7,3
dzpl,6,4
psð,6,3
ndt͡ʃ,15,3
vdb,7,3
lnj,5,3
ldg,11,3
ldgr,2,4
lmz,8,3
pp,15,2
ppl,5,3
ŋzp,8,3
ftl,4,3
ŋn,56,2
ŋnj,11,3
sd͡ʒ,19,2
stbr,2,4
ŋzt,13,3
skst,1,4
ksr,8,3
mdd,4,3
fm,13,2
bm,12,2
d͡ʒkl,5,3
pθr,4,3
dzl,3,3
gk,13,2
gkl,3,3
mdð,10,3
fθ,7,2
ndzs,2,4
dzs,7,3
bð,9,2
lpw,3,3
t͡ʃd,16,2
ntv,5,3
mfj,2,3
nd͡zm,6,3
zsw,12,3
mps,27,3
ntfr,8,4
zvl,1,3
pfr,10,3
sbr,6,3
lfk,3,3
lzθ,6,3
lzθr,5,4
ðl,14,2
gzg,2,3
ntbl,5,4
tbl,20,3
d͡zk,9,2
sdr,8,3
lsl,4,3
sθr,7,3
vkr,8,3
st͡sw,5,3
ntt͡ʃ,9,3
nd͡ʒf,7,3
nd͡ʒfr,2,4
d͡ʒfr,8,3
ŋzw,15,3
ŋskr,2,4
lgl,4,3
ʃtf,2,3
ʃtfr,1,4
t͡ʃth,5,3
θj,9,2
zgl,7,3
ʃtð,7,3
ssw,6,3
ztw,7,3
tspr,5,4
lfst,1,4
fst,4,3
mzð,17,3
gtr,3,3
ʃs,11,2
ʃst,4,3
ʃstr,1,4
ntstr,5,5
tstr,17,4
gzkl,1,4
nt͡sθ,1,3
nt͡sθr,1,4
lzsw,4,4
zsl,12,3
lddr,4,4
lzʃ,3,3
fth,7,3
ŋzh,7,3
ktd,6,3
bb,7,2
bbr,5,3
ptr,9,3
ktsp,1,4
ktspr,1,5
nsfr,2,4
ðpr,4,3
ðd͡ʒ,6,2
lfð,4,3
nt͡sd,10,3
nnj,14,3
d͡zθ,2,2
d͡zθr,2,3
vsm,5,3
nθr,14,3
zbr,26,3
stdj,2,4
ftp,1,3
ntsm,2,4
ʃð,17,2
nttr,15,4
ŋstr,3,4
d͡zsp,2,3
kv,12,2
stgr,5,4
pss,2,3
st͡ss,3,3
vdn,2,3
ltg,1,3
bzd,2,3
pstr,2,4
kstp,3,4
kstpl,1,5
ŋv,21,2
ŋkd,3,3
ʃt͡ʃ,2,2
sttr,8,4
ŋkd͡ʒ,2,3
ld͡z,29,2
t͡st͡ʃ,3,2
ktst,4,4
fsf,2,3
fsm,1,3
ŋzj,4,3
ŋsp,12,3
nsʃ,3,3
fb,18,2
zbj,2,3
kt͡sm,3,3
ksj,14,3
ldfr,3,4
psp,5,3
θsr,2,3
lt͡sk,1,3
d͡ʒdv,1,3
zdw,15,3
mdr,5,3
mtw,1,3
nt͡sð,4,3
nʃb,1,3
zʃr,3,3
lmd,5,3
lmdð,1,4
ŋkt,18,3
st͡sd,3,3
kspr,17,4
dzkw,1,4
d͡ʒpr,6,3
d͡ʒdð,6,3
ŋsm,3,3
lzr,8,3
gzs,6,3
lzk,10,3
nsd,8,3
kt͡sr,1,3
kstj,5,4
kkw,2,3
mv,7,2
ŋkθ,2,3
mdf,5,3
kld,7,3
d͡ʒs,23,2
d͡ʒsp,5,3
ndnj,2,4
bzm,4,3
lzb,7,3
lzbr,1,4
ŋzd,4,3
ŋzdr,1,4
mzd,6,3
ŋzʃ,1,3
θʃ,5,2
nzst,16,4
nzstr,3,5
zstr,17,4
θkw,4,3
ndv,12,3
ptk,5,3
ptkr,1,4
fstr,1,4
lzm,16,3
lkl,17,3
nzkl,3,4
ŋkmj,1,4
kmj,1,3
gt͡ʃ,5,2
svj,3,3
vdr,7,3
st͡st,3,3
t͡ʃd͡ʒ,2,2
sksk,2,4
vdt,3,3
gf,5,2
nt͡sf,8,3
nzbl,3,4
ʃtw,8,3
mzk,9,3
nfj,14,3
lbl,12,3
t͡sbl,1,3
vsp,11,3
ptdj,1,4
pd͡ʒ,4,2
d͡ʒb,28,2
t͡ʃv,3,2
t͡ʃvj,1,3
gzf,4,3
sspr,3,4
ŋdj,3,3
kstb,7,4
vfl,13,3
zskw,1,4
mbr,19,3
kʒ,1,2
nd͡ʒw,2,3
ldkr,3,4
vt͡ʃ,22,2
nzfr,5,4
lpb,3,3
ld͡zw,2,3
ntθ,27,3
t͡ʃtj,2,3
kstw,11,4
kstd,9,4
ʃtr,2,3
ptkl,1,4
skm,6,3
t͡sdr,2,3
nd͡ʒm,2,3
nθd,2,3
gð,4,2
ŋzd͡ʒ,1,3
tnj,9,3
θn,6,2
ldst,7,4
ndzt͡ʃ,1,4
dzt͡ʃ,1,3
mdb,4,3
ŋzk,8,3
ŋzkw,2,4
lts,3,3
ðsm,1,3
ŋkt͡ʃ,2,3
ŋkth,1,4
zdm,3,3
mskw,1,4
spn,2,3
nzpl,10,4
dsn,4,3
ldθ,8,3
ldθr,4,4
mdj,3,3
ptm,5,3
kssw,1,4
θl,15,2
lpf,2,3
gs,25,2
gst,10,3
gzst,2,4
st͡sk,5,3
vzð,7,3
ŋkl,18,3
tfl,14,3
θm,9,2
ŋzkl,1,4
ltθ,1,3
ŋzb,3,3
t͡spl,6,3
kpr,7,3
ldz,15,3
ldzp,3,4
ldzpl,3,5
ðg,18,2
ðgl,8,3
nd͡ʒb,4,3
lttr,1,4
spt,2,3
stpr,15,4
ntss,4,4
ntssl,1,5
tssl,1,4
ssl,2,3
ntsp,7,4
ʃg,3,2
ltp,3,3
ktb,9,3
lfb,3,3
mstr,5,4
lkj,3,3
bzn,3,3
pfl,3,3
t͡sv,7,2
ptkw,1,4
kdr,8,3
ŋzpr,3,4
nt͡sʃ,3,3
ldd͡ʒ,2,3
zpj,3,3
nd͡zð,7,3
kt͡sð,3,3
gsn,2,3
bf,4,2
ptf,13,3
fsh,1,3
tsg,4,3
tsb,13,3
ksb,10,3
lsm,4,3
d͡ʒtr,2,3
vstr,9,4
ld͡zs,2,3
ld͡zsm,1,4
d͡zsm,1,3
kgr,26,3
lbz,4,3
gzr,11,3
lvð,2,3
psj,1,3
vpj,1,3
nd͡ʒt,4,3
psf,3,3
psfr,3,4
gzd͡ʒ,4,3
ðʃ,5,2
nd͡ʒds,1,4
d͡ʒds,2,3
d͡ʒj,7,2
nd͡ʒr,2,3
d͡ʒr,12,2
mpst,1,4
vdz,1,3
ðdj,1,3
vθr,6,3
ŋkb,6,3
lzgr,2,4
vkw,4,3
sksn,1,4
θss,2,3
st͡sf,8,3
ðv,3,2
vvj,1,3
lmj,2,3
mzs,5,3
mzst,2,4
lstj,1,4
ntsst,1,5
ngl,5,3
lʃw,1,3
t͡ʃsm,1,3
ŋskw,2,4
ʃn,2,2
t͡ʃst,3,3
ftt͡ʃ,2,3
ptfr,5,4
θsw,4,3
ðgr,5,3
zdh,5,3
mptf,2,4
nt͡ʃtm,1,4
nd͡zs,4,3
ʃtb,5,3
ksfl,3,4
ʃth,1,3
fv,2,2
zstj,1,4
ntdr,9,4
ŋztw,1,4
d͡ʒkw,2,3
ðbr,7,3
nztw,1,4
lvzn,1,4
vzn,3,3
lzp,12,3
thj,2,3
nt͡sg,1,3
mkw,10,3
vnw,1,3
nmj,2,3
d͡zl,8,2
kstn,1,4
psg,1,3
nd͡ʒp,3,3
nd͡ʒpr,1,4
ldpr,6,4
d͡ʒt͡ʃ,2,2
d͡ʒst,5,3
lptm,3,4
mpθ,1,3
mpθr,1,4
nsh,13,3
ntʃr,1,4
tʃr,1,3
vdw,10,3
st͡skl,2,4
t͡skl,6,3
θdr,2,3
ŋzg,6,3
nd͡ʒpl,2,4
d͡ʒpl,2,3
st͡sm,3,3
mdt͡ʃ,1,3
skth,4,4
ŋθt,1,3
ntfl,3,4
skh,4,3
ktp,4,3
nd͡ʒdm,1,4
d͡ʒdm,5,3
kpl,11,3
pth,9,3
vzθ,1,3
vzθr,1,4
d͡zt͡ʃ,1,2
sstj,1,4
gzp,7,3
gzpl,7,4
gsw,6,3
lt͡sh,1,3
ft͡sh,1,3
vdh,4,3
dzfl,1,4
gb,10,2
gfr,1,3
ldzð,2,4
dzð,6,3
lvdð,5,4
dʃr,2,3
kttr,2,4
ksv,4,3
lzpl,6,4
d͡ʒg,5,2
ŋbl,11,3
nd͡ʒh,5,3
vds,1,3
mpm,3,3
lph,2,3
st͡sj,1,3
sktj,2,4
bfr,2,3
mpʃ,4,3
fss,4,3
fsst,1,4
ndsp,9,4
fsð,1,3
vzl,2,3
tsfr,2,4
psk,9,3
ksd͡ʒ,4,3
ntvj,1,4
tvj,2,3
msw,4,3
bp,1,2
nt͡ʃw,5,3
lpð,9,3
gbr,2,3
d͡zʃ,2,2
nd͡ʒθ,3,3
nzʃ,6,3
lvdw,1,4
ŋpl,12,3
stkl,8,4
ŋzpl,1,4
gzð,2,3
pskl,3,4
vzb,6,3
vzbl,2,4
bds,1,3
ntkw,6,4
bzf,1,3
nd͡zl,3,3
lzj,6,3
nsg,3,3
nsgr,1,4
vgl,3,3
zdk,3,3
zdkw,1,4
ldsl,1,4
d͡zst,3,3
nd͡zt,9,3
vdj,1,3
ksθ,4,3
ksθd,1,4
sθd,1,3
ld͡zg,1,3
ld͡zgr,1,4
d͡zgr,2,3
mθr,3,3
smj,2,3
fsb,4,3
fsbl,1,4
sbl,6,3
ltb,5,3
fsk,4,3
bdb,1,3
t͡ʃtf,2,3
dθb,1,3
ft͡sk,1,3
ft͡skw,1,4
t͡skw,2,3
d͡zbr,3,3
bzw,2,3
mzb,9,3
ktsk,1,4
ptj,2,3
std͡ʒ,8,3
ptl,5,3
lft,3,3
mzp,6,3
bls,3,3
blst,3,4
ʃf,8,2
kstθ,1,4
d͡ʒð,9,2
nt͡sj,2,3
nzt͡ʃ,1,3
θpl,1,3
ŋkdr,2,4
nt͡sst,3,4
ntkr,4,4
vzh,5,3
lkb,1,3
d͡ʒbr,3,3
ŋkk,5,3
mzm,4,3
tst͡ʃ,2,3
nd͡ʒkw,1,4
nθsp,3,4
d͡zsl,1,3
kstm,3,4
ŋbj,1,3
mgr,8,3
gdr,4,3
lkd͡ʒ,1,3
mnj,2,3
ldbl,4,4
ŋkθr,1,4
mpk,1,3
lzdr,1,4
fssk,1,4
nd͡zj,1,3
t͡ʃg,4,2
ʃsw,2,3
lzt,15,3
ptn,1,3
fθn,1,3
stsw,2,4
mzbr,1,4
nt͡ʃth,1,4
d͡ʒgr,3,3
ntθr,3,4
nd͡zbr,1,4
nstt,1,4
ldsk,3,4
mfl,3,3
ktv,2,3
ffr,7,3
nzdj,2,4
lzkw,1,4
vdd͡ʒ,1,3
lsʃ,1,3
θsb,2,3
st͡sg,2,3
tlz,3,3
tlzw,2,4
mmj,2,3
pstb,1,4
nd͡zd,1,3
pt͡sf,1,3
pt͡sfr,1,4
t͡sfr,12,3
ŋzn,3,3
vfr,10,3
ldzn,1,4
stkr,3,4
d͡zr,6,2
vnt,1,3
vzfr,2,4
nd͡ztr,2,4
d͡ztr,2,3
ŋfj,2,3
mdn,2,3
lsð,3,3
nspr,1,4
ldkl,1,4
kskl,6,4
st͡sst,1,4
dzd͡ʒ,1,3
ndskw,2,5
dskw,2,4
fts,4,3
t͡ʃpr,2,3
ʃp,3,2
lvzl,1,4
t͡ʃtθ,1,3
t͡ʃtθr,1,4
gg,4,2
lfj,2,3
gzm,1,3
zfj,1,3
ðspr,1,4
lvzt,1,4
gzb,5,3
mzj,6,3
nd͡zst,1,4
lpth,2,4
θθ,4,2
θθr,3,3
stsn,3,4
bstr,1,4
ʃts,3,3
ʃtsp,1,4
dzj,3,3
zskr,4,4
kt͡sd,3,3
lps,5,3
lpsm,1,4
tkj,1,3
nbj,1,3
kt͡sl,1,3
pbr,1,3
ðzm,1,3
bn,1,2
nsts,5,4
nstsl,1,5
stsl,2,4
ŋfl,5,3
skp,1,3
ftf,4,3
ðzw,1,3
nt͡ʃs,1,3
nt͡ʃst,1,4
ntsð,1,4
ptst,1,4
lsh,2,3
ndsn,1,4
ldsp,2,4
d͡znj,1,3
lzv,3,3
d͡ʒtj,1,3
ftd,4,3
ŋzl,5,3
zsm,7,3
mt͡ʃ,9,2
lzkl,1,4
nt͡sk,6,3
nt͡skl,1,4
zmj,7,3
gzt͡ʃ,4,3
lt͡sp,1,3
lt͡spl,1,4
d͡zfr,4,3
tsd͡ʒ,2,3
ʒt,2,2
ŋspl,1,4
d͡ʒstr,1,4
ldzl,1,4
kstl,1,4
zdkr,2,4
ŋktl,1,4
ŋsl,2,3
snt,2,3
sntf,1,4
lpst,2,4
d͡zd͡ʒ,3,2
lzst,2,4
mztr,1,4
ntsk,5,4
θsð,3,3
dzb,3,3
msl,2,3
dzm,5,3
skf,3,3
ŋgj,2,3
kfl,6,3
pmj,1,3
ntsw,2,4
gzw,4,3
zdp,6,3
fpr,2,3
stt͡ʃ,6,3
kskw,1,4
ŋsn,4,3
mgl,2,3
st͡ssp,1,4
tpj,1,3
ʃd,1,2
vfj,2,3
nt͡ʃb,2,3
mph,1,3
ŋksd͡ʒ,1,4
ldzm,1,4
fd͡ʒ,3,2
t͡ʃfr,2,3
kz,1,2
ldgl,1,4
ldfl,1,4
ftst,2,4
t͡ssm,4,3
st͡sv,2,3
st͡svj,1,4
t͡svj,1,3
lsts,1,4
ldsb,2,4
dsb,2,3
ðkl,4,3
tssk,2,4
nθspr,1,5
θspr,1,4
pgr,2,3
nd͡zg,1,3
nd͡zgr,1,4
psh,4,3
mpb,2,3
snj,1,3
fθr,1,3
ktg,4,3
ktgr,1,4
nd͡zd͡ʒ,2,3
pkr,3,3
ŋkg,3,3
lkp,1,3
lpg,1,3
ndʃr,1,4
ptb,5,3
ptbl,2,4
lspr,1,4
lzt͡ʃ,2,3
ndhj,1,4
dhj,1,3
npj,2,3
nθsb,1,4
ŋksn,3,4
θg,3,2
mdd͡ʒ,2,3
stsj,2,4
ldmj,1,4
dmj,4,3
vzr,2,3
nt͡ʃtf,1,4
lstt,1,4
kstð,1,4
ksts,5,4
sksf,1,4
psd,2,3
ld͡zr,1,3
ltbr,1,4
fbr,2,3
kstsn,1,5
nstj,4,4
nd͡ʒj,1,3
mvj,1,3
vsk,3,3
ldn,3,3
ldzf,1,4
ldsh,1,4
dsh,1,3
nd͡zp,1,3
nd͡ʒv,2,3
d͡ʒv,2,2
mpw,2,3
d͡ʒdr,2,3
t͡ʃtt,1,3
ŋksr,1,4
nzθ,4,3
nzθr,3,4
sksj,2,4
vspj,1,4
ldv,1,3
ŋgld,1,4
ŋgldb,1,5
gld,1,3
gldb,1,4
st͡sl,1,3
zsn,2,3
ŋkts,1,4
ŋktst,1,5
nd͡ʒdb,2,4
d͡ʒdb,3,3
nzfl,2,4
stfl,2,4
lkʃ,1,3
ld͡zb,1,3
sktf,1,4
ntsl,3,4
ndspr,2,5
zdʃ,3,3
kldk,2,4
ndgl,4,4
ŋkn,2,3
kldp,1,4
lzfr,3,4
d͡ʒkr,4,3
lzsl,1,4
nd͡ʒs,3,3
nd͡ʒsl,1,4
d͡ʒsl,1,3
ftfr,1,4
d͡ʒsn,1,3
ptʃ,5,3
gbl,1,3
nt͡sfr,2,4
gkr,2,3
mbj,4,3
ft͡st,1,3
t͡ʃtb,3,3
ldspl,1,5
dspl,1,4
st͡sh,1,3
vzs,2,3
vzsp,1,4
vzspr,1,5
pspl,1,4
skn,1,3
lfspl,1,5
fspl,1,4
ld͡zp,1,3
ktn,1,3
nt͡ʃm,1,3
msp,5,3
t͡ʃsn,1,3
tssw,2,4
ʃgr,1,3
bk,2,2
bkl,1,3
ldstr,3,5
lpk,1,3
ðfr,1,3
st͡sr,7,3
lfbr,1,4
ksst,2,4
ksstr,1,5
vzʃ,1,3
bt͡ʃ,2,2
ŋkp,5,3
θd͡ʒ,3,2
t͡ʃtd,1,3
mpt͡s,3,3
mpt͡st,3,4
pt͡st,3,3
mptfr,1,5
ʃtd,1,3
d͡ʒbl,2,3
ʒd,1,2
ksspr,1,5
vsn,2,3
ʃfr,1,3
nsst,2,4
mzpl,2,4
ðzl,1,3
gstr,1,4
lvs,3,3
mpsf,1,4
mpsfr,1,5
mzv,4,3
ndzk,1,4
mptl,2,4
ŋktw,2,4
nd͡ʒkl,2,4
tsd,5,3
sttw,1,4
lvsk,1,4
lvskr,1,5
vskr,1,4
pt͡sw,1,3
gzʃ,1,3
mptð,1,4
vmj,3,3
kpj,1,3
tnd,1,3
ðdf,1,3
ftv,1,3
mzkr,2,4
gzn,2,3
θsd,2,3
ktstr,1,5
nsdr,1,4
vzkl,1,4
fsw,1,3
nstst,1,5
t͡ʃkl,1,3
ktsw,1,4
sktp,1,4
kstt͡ʃ,2,4
gzl,1,3
nt͡ʃl,1,3
ŋkkl,1,4
d͡zfl,1,3
nzbr,2,4
fsbj,1,4
sbj,1,3
sntl,1,4
znd,1,3
zndw,1,4
ftk,1,3
t͡ʃdr,3,3
ŋksm,1,4
lθb,1,3
t͡ʃgr,1,3
ft͡ʃ,1,2
tsbr,2,4
lvzw,1,4
mskr,1,4
lbzn,1,4
nzkr,1,4
ndmj,3,4
ŋsw,1,3
ltv,1,3
ʃv,5,2
kbl,4,3
nddj,3,4
t͡sfj,1,3
ʒj,5,2
ppr,3,3
nzgr,2,4
ŋkpr,1,4
nt͡ʃd,1,3
kt͡sp,1,3
kt͡spl,1,4
nsr,1,3
ʃtk,1,3
tsdj,1,4
sdj,3,3
pskr,1,4
nstp,2,4
nstpr,2,5
dzst,2,4
nd͡ʒdð,3,4
kt͡sh,2,3
ntdj,2,4
ŋksg,2,4
lfth,1,4
lpp,1,3
lppr,1,4
sns,1,3
ksfr,1,4
ntsb,1,4
nzgl,1,4
lzsp,1,4
vtw,2,3
ŋzbr,1,4
kstk,1,4
vzm,1,3
lskw,1,4
kt͡sk,1,3
st͡sð,3,3
θst,1,3
kdj,2,3
vʃr,1,3
nθf,1,3
nθfl,1,4
θfl,1,3
stsf,1,4
zdg,1,3
zdgr,1,4
ld͡zst,1,4
gʃ,4,2
vzbr,1,4
msn,1,3
ðθr,2,3
mpsθ,1,4
mpsθr,1,5
psθ,1,3
psθr,1,4
mzd͡ʒ,1,3
ggr,1,3
nzsk,1,4
gpl,4,3
dsv,1,3
nt͡spl,1,4
ldzs,3,4
ldzsm,1,5
dzsm,1,4
θtr,1,3
gsp,1,3
gspr,1,4
nsd͡ʒ,1,3
ltpl,1,4
ldzsl,1,5
dzsl,1,4
nd͡ʒsw,1,4
d͡ʒsw,1,3
ŋkfl,1,4
kt͡st,1,3
ʃd͡ʒ,2,2
tssn,1,4
ssn,1,3
lzkr,1,4
ŋksfl,1,5
lmdf,1,4
lmdfr,1,5
mdfr,1,4
lztr,2,4
d͡ʒmj,1,3
tsdr,2,4
gzsw,1,4
gsl,1,3
mzsp,1,4
mzspr,1,5
vdm,1,3
nd͡ʒdk,1,4
nd͡ʒdkl,1,5
d͡ʒdk,1,3
d͡ʒdkl,1,4
mzkl,1,4
nd͡ʒʃ,2,3
d͡ʒʃ,3,2
ld͡zh,1,3
t͡sgr,1,3
ŋzgr,1,4
lzsm,1,4
tsθ,1,3
tsθr,1,4
ŋksw,1,4
t͡ʃθr,1,3
pkl,2,3
lvj,3,3
kldd,1,4
gsb,1,3
dzbl,1,4
ptsw,1,4
ldtw,1,4
zdpr,1,4
bskr,2,4
gzj,1,3
fskr,1,4
ntmj,2,4
ʒs,1,2
ʒst,1,3
ʃtm,1,3
mpp,1,3
vspr,1,4
lzfl,1,4
ŋktb,1,4
kt͡sb,1,3
ndzð,2,4
nkj,1,3
lvdf,1,4
lvdfr,1,5
ftn,2,3
ktsg,1,4
ksth,1,4
bzh,1,3
t͡ʃbl,2,3
θssk,1,4
fsn,1,3
mpts,1,4
ŋzt͡ʃ,1,3
ðzʃ,1,3
ðzʃr,1,4
ktsð,1,4
mptb,1,4
ʃsk,1,3
stsð,1,4
lθw,1,3
lkð,1,3
nθj,1,3
ktdr,1,4
lptt͡ʃ,1,4
ptt͡ʃ,1,3
nd͡ʒdr,1,4
lptt,1,4
nd͡ʒdj,2,4
d͡ʒdj,2,3
stnj,1,4
zdn,1,3
btr,1,3
vnp,1,3
ʃkl,1,3
kt͡ss,1,3
tskl,1,4
lmzh,1,4
d͡zhj,1,3
nstd,1,4
mpf,2,3
lkt,1,3
bzmj,1,4
mpfl,1,4
nd͡zʃ,1,3
θgr,2,3
nd͡ʒð,1,3
nvj,2,3
ŋzr,2,3
d͡ʒdst,1,4
d͡ʒdstr,1,5
pttw,1,4
nt͡sdj,1,4
nt͡ʃr,1,3
rn,1,2
tnt,1,3
lt͡sf,1,3
lt͡sfr,1,4
ŋspr,2,4
nθsð,1,4
zdd,1,3
vnd͡ʒ,1,3
t͡ʃstr,1,4
ndtj,1,4
dtj,1,3
lkh,1,3
mpð,1,3
ldtr,1,4
nθl,1,3
mdp,1,3
mpsw,1,4
bʃ,1,2
pstf,1,4
fnj,1,3
lpv,1,3
ldsn,1,4
fsv,1,3
fθv,1,3
θv,1,2
bzð,1,3
pdj,1,3
d͡ʒsk,1,3
nθdj,1,4
θdj,1,3
ftr,1,3
ldzst,1,5
ptsk,1,4
lmw,2,3
ʃtpr,1,4
nstw,2,4
psb,1,3
psbr,1,4
nd͡ʒdf,1,4
d͡ʒdf,1,3
ʒf,1,2
tsgr,1,4
nsth,1,4
lfkl,1,4
ntsf,1,4
ntsfr,1,5
mtð,1,3
lʒ,1,2
zdθ,1,3
zdθr,1,4
pspr,1,4
lθd,1,3
lt͡st,1,3
lθj,1,3
dʒ,1,2
mzg,1,3
kstf,1,4
kstfj,1,5
vzd,2,3
nt͡sdr,1,4
lvsl,1,4
zspl,1,4
ptp,1,3
lstw,1,4
bzg,1,3
bzgr,1,4
vdp,1,3
vdpl,1,4
θsk,1,3
ðsl,1,3
d͡ʒtw,1,3
ðzp,1,3
θtw,1,3
fnt,1,3
θsf,1,3
lfd͡ʒ,1,3
sktk,1,4
sktkw,1,5
zdv,1,3
ntsd,1,4
bdf,1,3
bdfr,1,4
fstj,1,4
ftg,1,3
ksgr,1,4
ntlʃ,1,4
tlʃ,1,3
lfn,1,3
ŋstð,1,4
fdj,1,3
